"Variant ID","bean_element_result.MixtureNormal_HCT116_rep7_normalization0702_muZ_adj_SD<1","total energy"
"C204R",-5.970123,2.34226
"L682Y",-5.837985,3.10198
"C148W",-5.612676,0.344203
"D221Y",-5.574858,1.4384
"D172E",-5.383484,-1.7642
"G343C",-5.168719,3.41863
"D224H",-5.048204,0.203023
"C160S",-5.046773,0.315231
"C681D",-5.045586,3.03715
"A399D",-4.949637,0.172305
"D304E",-4.933412,-0.117902
"C681G",-4.917093,-1.38335
"C160D",-4.895604,2.31083
"D304R",-4.821534,-0.409416
"C148V",-4.789043,2.646
"W490R",-4.716093,-3.45813
"C134Y",-4.661486,15.5916
"C338Y",-4.653036,2.95983
"C681H",-4.650299,7.92685
"F126S",-4.635741,-3.11067
"L401Y",-4.533524,12.0408
"C338R",-4.511601,2.75594
"D172G",-4.48557,-1.33533
"C302Y",-4.473836,13.4257
"C204Y",-4.360941,2.28494
"L682G",-4.336578,2.11084
"P171C",-4.31992,1.90034
"C160H",-4.284077,1.70134
"T491K",-4.220656,0.255204
"C696R",-4.193834,10.6406
"S580K",-4.167056,21.3867
"C148T",-4.121573,2.7736
"C338S",-4.081391,2.60113
"C148R",-4.061744,1.06858
"C677F",-4.059495,9.79974
"D131H",-4.037619,-0.424677
"C302G",-4.029423,-0.629445
"T491H",-4.002761,-0.874546
"D172Y",-3.954407,7.22112
"D224A",-3.933786,-1.47265
"C134V",-3.921521,5.05072
"C681S",-3.913519,1.1754
"G549V",-3.870087,3.17782
"D227G",-3.846012,-5.14635
"P162G",-3.833217,1.73996
"C148H",-3.820303,2.07153
"D221V",-3.807425,0.885058
"P519E",-3.760148,2.04715
"C711R",-3.760093,10.5012
"D224L",-3.716579,0.611507
"G565V",-3.702215,18.7412
"G287Y",-3.668049,9.45712
"P683E",-3.659729,0.502203
"D224R",-3.635706,0.090663
"H607K",-3.623462,-0.228904
"C302F",-3.60758,18.5278
"C134S",-3.582203,2.84382
"C148S",-3.574306,1.69716
"I628R",-3.567903,1.80185
"G323C",-3.566112,0.513756
"T713L",-3.564775,-0.834955
"W490S",-3.552981,-1.85462
"C134W",-3.551886,13.3993
"T147I",-3.535254,0.133472
"E288W",-3.523165,0.783856
"N564D",-3.521628,2.69412
"C134R",-3.511905,17.0259
"D131R",-3.506955,-0.87991
"P171T",-3.506113,1.55813
"G549Y",-3.493563,0.611666
"D100A",-3.45093,-3.01533
"P476R",-3.421056,4.77243
"H656K",-3.414885,-0.409617
"C134T",-3.409614,4.57297
"C184R",-3.391081,1.58286
"D224V",-3.389543,1.34681
"W577H",-3.364959,2.59255
"E113V",-3.363776,0.798799
"A643P",-3.355669,9.5125
"F202G",-3.347583,1.89308
"G343D",-3.335797,3.53946
"G137V",-3.33122,0.0992541
"K225R",-3.321143,-1.8658
"G246V",-3.300091,0.14113
"C116V",-3.299786,4.95625
"C134D",-3.273777,7.90431
"D133A",-3.258461,-0.354607
"C204D",-3.252781,5.46159
"I628E",-3.228204,2.71022
"D94R",-3.217735,-2.15423
"C711V",-3.189652,7.81775
"P476E",-3.17749,7.08022
"D221R",-3.17709,1.67899
"G549R",-3.176921,1.17832
"C681T",-3.171915,3.82962
"W165G",-3.166329,2.63477
"Y489T",-3.157959,-5.44821
"D227R",-3.153578,-2.82215
"I560T",-3.14812,-1.03453
"C216H",-3.147336,3.04767
"T147G",-3.10088,0.337105
"C338F",-3.096381,3.28665
"D100L",-3.076852,-0.256071
"C302R",-3.071597,9.29188
"C204S",-3.068449,1.15462
"C677R",-3.061434,10.1269
"L642V",-3.061188,3.29728
"C209T",-3.042452,1.66574
"C95F",-3.041593,3.54245
"C677Y",-3.025586,14.227
"D304L",-3.020498,-0.22599
"T713G",-2.993428,0.429205
"D136L",-2.986177,0.812867
"A631D",-2.982536,2.28706
"G343V",-2.982401,5.51646
"I210E",-2.981774,1.40906
"C338D",-2.977844,3.50522
"P563G",-2.976913,-2.84493
"C160Y",-2.974433,1.08318
"C696Y",-2.949237,9.74564
"G149R",-2.942785,-0.638978
"G549D",-2.935393,1.29395
"P162S",-2.932633,2.35883
"I628T",-2.929324,1.05642
"N665N",-2.927714,0.373675
"Q660K",-2.925144,0.521559
"H485E",-2.918845,3.86869
"V578G",-2.907175,-3.07117
"T635G",-2.896931,-0.728686
"P685E",-2.885615,3.63087
"A399F",-2.878922,-0.84003
"T434P",-2.871291,-0.00238586
"C696G",-2.868192,2.44086
"D221N",-2.852154,-1.95361
"D256N",-2.832104,-0.853207
"L432G",-2.828689,2.221
"T713R",-2.826048,-0.824296
"C95H",-2.820959,5.70963
"D136V",-2.820593,0.902363
"G149C",-2.818837,0.472613
"D224E",-2.813979,-0.253203
"D492R",-2.807632,-1.95078
"T713I",-2.801847,-0.243278
"C329W",-2.794047,2.82025
"E626S",-2.792424,-0.0545
"W577C",-2.788213,3.67578
"G549E",-2.786349,1.39412
"W214R",-2.783102,-0.203577
"C134F",-2.782499,15.2752
"E229K",-2.77764,-0.89362
"C204V",-2.772579,3.65656
"D172R",-2.768465,4.27701
"D579A",-2.756327,0.68899
"C160R",-2.724856,0.712676
"R633D",-2.71664,1.4139
"P162L",-2.714996,0.587823
"E140W",-2.7056,-1.69338
"D221E",-2.705391,0.492267
"C134H",-2.704816,13.8566
"N564K",-2.700213,4.11125
"D139G",-2.694789,-1.98118
"C95G",-2.674298,-1.02391
"D168Y",-2.659196,-0.791001
"D492G",-2.65543,-0.249004
"D304Y",-2.645759,-0.32078
"C302D",-2.597894,4.74561
"S177W",-2.594582,12.1042
"E626W",-2.591051,-0.438102
"C160F",-2.590864,0.278009
"T147K",-2.589387,-0.00119426
"C184W",-2.581264,5.47814
"I566R",-2.569303,1.41391
"D221G",-2.564138,-0.720799
"E140G",-2.562859,-6.51282
"N548R",-2.562834,5.13275
"C160T",-2.554719,0.308777
"C338G",-2.553015,0.684137
"P649H",-2.552554,16.1658
"R303D",-2.551148,-1.08456
"E240V",-2.528976,2.24134
"C338V",-2.524657,6.20006
"E101A",-2.517617,-1.69052
"P608H",-2.491666,4.38384
"I310N",-2.484139,-0.514827
"E140S",-2.481517,-1.29239
"R520G",-2.481055,-2.58268
"D525G",-2.47554,-0.973434
"P144G",-2.471701,-0.229366
"P476H",-2.468261,2.09788
"D172L",-2.458374,-2.51274
"L568V",-2.453339,0.82593
"C134G",-2.451525,1.74993
"F200C",-2.421525,0.0134344
"H211V",-2.411744,0.143126
"D304H",-2.408674,0.121665
"C95V",-2.393992,6.82735
"W165H",-2.393427,1.44302
"C231H",-2.380801,2.38056
"G565A",-2.373823,6.75427
"D256G",-2.348175,0.166927
"L422G",-2.345328,-2.59175
"F126L",-2.343632,0.138234
"D433R",-2.339763,-2.44821
"C204H",-2.338129,4.46217
"H607Q",-2.332673,-0.503284
"L599V",-2.306726,3.12205
"G545D",-2.304546,14.6719
"I441S",-2.297951,1.66553
"C338H",-2.289234,7.14331
"I488E",-2.280284,0.143353
"C109G",-2.27836,-1.12579
"W577A",-2.268723,4.4702
"P144C",-2.267985,2.38518
"S130P",-2.26792,3.85053
"D492L",-2.266765,-3.31143
"C302V",-2.26511,3.29362
"H607T",-2.26504,5.12782
"C160G",-2.257275,1.1092
"C95R",-2.256159,3.7599
"G324C",-2.249053,0.879172
"C184V",-2.248653,2.51581
"L680P",-2.248387,-2.67939
"V429M",-2.247345,0.0789754
"L401G",-2.239082,2.95028
"G287C",-2.239037,9.44092
"C148D",-2.238874,1.34322
"R520D",-2.222413,1.66725
"N97R",-2.21556,0.107335
"C261Y",-2.215202,33.7968
"R427T",-2.214469,0.809462
"C681Y",-2.214003,4.99056
"G565C",-2.202239,12.1493
"C377V",-2.195718,2.8249
"T567K",-2.194253,1.22676
"T434R",-2.17831,-0.340688
"F126N",-2.173092,-2.72935
"P563T",-2.16942,0.312423
"E140V",-2.160351,1.11818
"P220C",-2.156593,1.1382
"D221L",-2.142148,1.47798
"D227V",-2.140807,1.1875
"I585N",-2.137991,1.69182
"S580T",-2.135473,6.93212
"Q660R",-2.133485,-2.85203
"L599G",-2.130876,-0.432827
"D260G",-2.130702,0.456353
"Y336C",-2.128913,0.704955
"F190M",-2.121957,0.115679
"T659P",-2.11891,0.826178
"N425I",-2.107508,3.65899
"C167S",-2.098935,2.67586
"D227A",-2.097093,-3.22072
"H327P",-2.095816,-0.310587
"C270W",-2.090889,1.75542
"D307A",-2.08579,-1.91885
"D304A",-2.080288,0.192929
"D131G",-2.078716,-1.1038
"I623R",-2.07418,0.184743
"L555G",-2.071845,1.86306
"D492V",-2.054645,-1.13436
"D433N",-2.053783,0.446532
"C209D",-2.036013,2.84751
"W490L",-2.034278,-0.0744531
"E201W",-2.032167,-0.553568
"D492H",-2.023369,0.729968
"N548L",-2.020878,2.90166
"D94V",-2.005453,0.440281
"C364Y",-1.981181,0.355398
"D139N",-1.979988,-0.37844
"L599L",-1.979272,0.0111253
"I334L",-1.978193,-2.25791
"C270V",-1.977662,3.07386
"R574H",-1.976994,1.15425
"T413M",-1.962059,-1.17495
"L611F",-1.961664,3.31358
"F619S",-1.952443,4.10502
"I161R",-1.947302,-1.13496
"N405S",-1.943394,-0.898637
"R253T",-1.942761,1.10188
"C338T",-1.938597,5.94363
"C167H",-1.936402,3.04506
"C270H",-1.935823,2.93526
"P519G",-1.932126,-4.19523
"C204G",-1.926687,-3.24493
"L432Q",-1.926668,1.41961
"C270Y",-1.916627,1.47458
"S138L",-1.913641,-0.337419
"L682R",-1.913158,2.57224
"S584F",-1.912944,8.15244
"C95S",-1.903054,3.93239
"I161T",-1.897679,-2.25917
"T567H",-1.890977,0.837055
"G343G",-1.888462,0
"Y465L",-1.886918,0.342682
"G335V",-1.883946,1.21541
"P279H",-1.882171,0.950724
"L570Q",-1.879829,1.57881
"S177T",-1.87832,4.63426
"D112L",-1.87819,-1.8523
"C696S",-1.873273,3.5715
"D170A",-1.865145,-0.653245
"L575Y",-1.864121,1.44737
"P649S",-1.861618,1.3959
"E101V",-1.856937,-0.406418
"F126R",-1.855286,-0.846933
"D139H",-1.85338,12.8011
"C95T",-1.84703,6.33077
"P608S",-1.839884,1.46731
"I161I",-1.837934,-0.12711
"P84S",-1.833501,0.78013
"S584P",-1.83194,7.71106
"E101W",-1.831762,0.992721
"L646G",-1.831396,-1.10356
"T659K",-1.829812,-0.496331
"D221A",-1.828755,-0.734382
"G323E",-1.827727,0.355967
"C143H",-1.824975,4.18511
"E101Q",-1.823533,0.00274717
"L164P",-1.82237,5.63565
"D433L",-1.820187,-0.759732
"F241C",-1.805332,0.0686995
"D168N",-1.795101,-0.45432
"A151P",-1.794453,4.0931
"N297S",-1.7941,0.434865
"D217N",-1.777502,-1.54119
"P683H",-1.77238,0.887664
"S226P",-1.767359,2.81185
"Y336E",-1.767011,-0.240079
"T147H",-1.766923,0.119751
"G98R",-1.760832,2.06079
"R215D",-1.757443,2.82078
"N405L",-1.753565,-2.07837
"F629R",-1.750497,4.1891
"D172A",-1.750207,-2.14825
"D100N",-1.748909,2.74851
"G137C",-1.748142,-0.0129091
"S252K",-1.74162,-0.482034
"I488R",-1.73788,-2.85892
"L646Y",-1.733545,3.52967
"R81V",-1.730414,-0.025518
"L658V",-1.729101,0.69671
"Q366Q",-1.721831,-7.96369e-07
"G335C",-1.717524,1.19075
"G207C",-1.716822,4.21225
"D263D",-1.714103,-0.00486798
"C89Y",-1.710658,-1.86643
"I566E",-1.710446,1.78781
"S580C",-1.706664,2.9592
"W305G",-1.703957,-0.890482
"C143R",-1.701343,2.73253
"D331L",-1.693439,2.53682
"C711D",-1.692612,13.2894
"T497K",-1.68949,0.4839
"D700E",-1.683478,2.22791
"E602Q",-1.678113,1.10036
"A631T",-1.674514,0.485518
"C677D",-1.670606,5.3396
"L575P",-1.667808,4.03013
"S213K",-1.666184,-0.416463
"K581T",-1.666158,-0.0035158
"L571V",-1.66456,0.691824
"G573V",-1.664468,17.5004
"K693L",-1.662574,-3.10978
"C160V",-1.660576,0.897875
"C204T",-1.65859,3.41294
"D304V",-1.650345,0.722881
"C340T",-1.648038,8.18745
"V613G",-1.646699,3.20832
"C302T",-1.644227,1.06272
"W562C",-1.641093,-2.67202
"G565S",-1.639969,13.3781
"C452D",-1.639113,6.63589
"C216V",-1.636202,3.68954
"A643R",-1.635828,6.86304
"D217G",-1.635017,-0.110763
"E201Q",-1.628626,-0.209497
"E201K",-1.627577,0.126261
"S637L",-1.62586,-0.757078
"V578A",-1.625769,-2.67104
"C167V",-1.623083,5.25018
"F202R",-1.622997,0.458631
"N632I",-1.619379,1.05534
"E626Q",-1.619033,-0.00714292
"L680G",-1.61441,-3.28787
"F126G",-1.610241,-0.407941
"V295G",-1.609996,1.16165
"D131A",-1.606944,0.0529336
"C696D",-1.595515,7.38553
"D386R",-1.594014,0.164675
"L446L",-1.5902,-1.10927e-08
"P162E",-1.590088,2.54226
"C289Y",-1.590011,3.20438
"I161N",-1.585285,-1.51776
"N645R",-1.583791,0.0211417
"R427A",-1.582526,0.598243
"A151T",-1.582319,3.80521
"P144R",-1.576432,0.389288
"P341C",-1.575867,2.33317
"C329C",-1.574338,1.5234e-11
"D136A",-1.572971,0.914606
"C167W",-1.572514,3.16143
"F73G",-1.562851,-2.42416
"T389T",-1.561078,6.13181e-09
"D131L",-1.556317,0.0857632
"R520A",-1.554726,-1.55418
"H117K",-1.553907,0.943064
"C116F",-1.551406,6.38904
"C364F",-1.549717,-0.126004
"D129L",-1.549327,0.200289
"I249R",-1.54871,0.328212
"D178N",-1.538439,-1.57766
"V524R",-1.534792,1.87662
"D239D",-1.533809,-0.00175732
"C222H",-1.533544,19.1202
"W483G",-1.531412,1.49157
"E600W",-1.529567,0.190855
"C313T",-1.527813,2.06702
"W620H",-1.52743,-0.645484
"C255F",-1.522177,2.09693
"R416W",-1.519754,1.02314
"L682Q",-1.509775,2.20324
"C109H",-1.500778,2.52984
"Q154N",-1.492985,1.00157
"L479P",-1.492336,4.59064
"G149Y",-1.491206,-0.403533
"L292G",-1.486353,0.362752
"H485K",-1.480325,0.457707
"E650W",-1.479311,-0.75538
"T159K",-1.478792,1.61398
"T274T",-1.474523,3.10513e-07
"W443S",-1.474269,6.54116
"N625R",-1.470415,0.263646
"D433Y",-1.467539,-0.0377863
"D100V",-1.463598,-0.217733
"E615K",-1.46264,-1.90805
"D535D",-1.462183,0.00413354
"G323S",-1.461109,0.461629
"W214S",-1.460795,0.750965
"C329G",-1.460605,0.667276
"P661G",-1.459791,0.718582
"D131N",-1.458963,-0.960226
"L426Y",-1.453805,1.08128
"L414Y",-1.450497,3.01511
"A151R",-1.447356,0.628883
"F619F",-1.446715,0.00800759
"C452F",-1.445712,8.46612
"H656N",-1.443426,-0.601937
"N230D",-1.440745,0.596321
"W490G",-1.434979,-2.63277
"A299T",-1.427291,2.17343
"P171L",-1.426234,1.58744
"D579Y",-1.426149,7.55015
"G573G",-1.426085,0
"C104G",-1.421067,-0.516723
"C116D",-1.419444,7.546
"G246S",-1.412202,-0.0320189
"C270D",-1.40871,2.11248
"Y336T",-1.404834,-0.168001
"D139V",-1.403938,0.745947
"H388N",-1.401925,-0.0287458
"V524L",-1.400244,0.121346
"C368D",-1.399961,3.75346
"T235G",-1.394669,0.0836147
"D307R",-1.392733,2.17677
"N156L",-1.388093,-0.132303
"V429L",-1.384091,2.87499
"P309A",-1.383414,1.1697
"C248C",-1.379238,-0.0164627
"S554G",-1.377035,-2.30743
"L575G",-1.375078,1.96859
"D525E",-1.373883,-0.716528
"I585T",-1.372307,0.558858
"C197W",-1.372062,9.15618
"E101S",-1.369184,-2.0038
"S417K",-1.367659,0.068678
"I473S",-1.367043,0.0527205
"C167T",-1.366412,4.29045
"P424L",-1.349261,3.03933
"F114R",-1.345749,-3.11515
"L547Y",-1.342395,6.65128
"S397L",-1.337536,-0.705696
"Y400K",-1.336686,1.04027
"V468I",-1.334265,0.289791
"C698Y",-1.327433,6.23766
"R508T",-1.32731,0.238537
"R300G",-1.325636,0.198579
"C696T",-1.324786,4.53116
"C255Y",-1.323655,2.28211
"W214G",-1.317023,0.17799
"S648G",-1.313314,-2.93366
"R520R",-1.312647,0.465948
"D260E",-1.311659,-0.11771
"S212L",-1.308663,-0.0243568
"N625L",-1.305723,0.207444
"R183T",-1.299784,1.62444
"D492A",-1.299697,-1.67535
"N405T",-1.29845,-0.651188
"D525R",-1.293385,-2.35125
"C248Y",-1.286169,3.12823
"C261R",-1.283146,10.7953
"D136N",-1.281359,0.204209
"H583Y",-1.276183,-0.136932
"T467H",-1.27617,-0.5247
"D94N",-1.275224,0.228411
"D129G",-1.274508,-0.0135527
"C677V",-1.272122,7.30704
"C184Y",-1.269335,6.17741
"F200N",-1.26792,-0.512548
"L319G",-1.267797,-2.14191
"P685C",-1.267151,1.91541
"E408W",-1.264225,-0.0836094
"S648A",-1.263618,-0.161012
"R458A",-1.259758,0.736097
"C167D",-1.254541,4.45026
"W536I",-1.253703,-0.183929
"H607E",-1.253066,2.4571
"W214I",-1.250506,1.43089
"D482N",-1.249438,-0.32833
"W577S",-1.248804,2.89115
"V498G",-1.243519,-2.36498
"C377Y",-1.240106,-0.319224
"F126M",-1.235005,-0.110748
"V523L",-1.234444,-0.964626
"I552R",-1.230093,0.831914
"C104H",-1.229001,0.559664
"M298R",-1.226599,-2.22647
"K509G",-1.226221,2.5923
"Q660H",-1.225661,2.33934
"Q366R",-1.220901,-3.7051
"G565Y",-1.220443,58.4099
"C167R",-1.21988,3.14707
"R257Q",-1.217945,0.460031
"I488N",-1.217838,-1.76614
"Y489C",-1.213456,-4.83123
"D227H",-1.210971,0.864895
"G505G",-1.205914,-2.27374e-13
"P699C",-1.204186,2.45082
"C104W",-1.202465,2.35035
"D433V",-1.200695,0.72491
"K617K",-1.199873,-4.3201e-12
"H211L",-1.197429,-1.42503
"D386Y",-1.19307,-0.508595
"D304N",-1.191841,-0.485323
"C68D",-1.190232,0.421478
"T534K",-1.18976,1.32122
"S463T",-1.189697,-0.0521308
"S177L",-1.188389,1.03571
"I334T",-1.183688,2.82618
"C340W",-1.179152,1.6168
"N405H",-1.176582,7.95184
"F126Y",-1.169666,0.195048
"V481V",-1.169266,4.46196e-05
"V369V",-1.166619,0.0152105
"L164Q",-1.166578,-0.0684122
"I488S",-1.165975,-3.15832
"C329R",-1.165636,3.31579
"L647Q",-1.164391,0.285395
"E435G",-1.163649,-1.23345
"D129R",-1.162223,-0.590351
"C261H",-1.161152,25.0062
"C329T",-1.160462,1.2581
"H327Y",-1.158463,-0.498235
"C231W",-1.155589,3.93701
"Q349S",-1.155348,0.276579
"G505V",-1.15505,2.98596
"C377T",-1.152915,1.6728
"V93T",-1.152874,-0.144922
"E626V",-1.15006,4.82451
"D129A",-1.14869,0.173329
"C248S",-1.143877,2.49164
"V268L",-1.143603,-0.47136
"A627G",-1.141065,-0.168817
"T404T",-1.139531,0.0148769
"C711Y",-1.139286,21.5395
"L292Y",-1.138927,-0.0116859
"L682P",-1.138809,0.312184
"W577R",-1.133702,3.10509
"E626K",-1.128391,-0.577417
"V347G",-1.128174,-2.01136
"H327H",-1.127259,0.0038332
"N405R",-1.126933,-1.52017
"G496G",-1.124879,0
"G103V",-1.114804,9.61396
"P649P",-1.114346,-8.18545e-12
"P162C",-1.112627,1.80557
"G565G",-1.106861,0
"T713H",-1.106232,-0.141965
"I624R",-1.104511,-1.37839
"D100G",-1.103888,-6.33093
"A705T",-1.100083,1.54169
"S177P",-1.098091,3.15306
"T147L",-1.097512,-0.087744
"C89V",-1.097068,1.3038
"P84G",-1.090726,1.4572
"H460E",-1.089667,-0.835717
"T454G",-1.088564,1.43307
"C711W",-1.088035,22.0474
"A631R",-1.086934,0.455622
"R132G",-1.086674,0.803002
"C677H",-1.084784,14.8967
"D616D",-1.08365,6.85553e-07
"E140D",-1.079317,0.215825
"F202N",-1.076825,1.72769
"P649C",-1.076178,2.09028
"W490I",-1.076029,1.54915
"S637G",-1.073607,0.503822
"D172N",-1.071441,-1.98594
"S464Y",-1.064011,0.185884
"K693Q",-1.063293,-2.1594
"I585E",-1.062933,0.461101
"L346Q",-1.060009,-0.031201
"R253D",-1.059103,0.609375
"W562G",-1.055118,-2.7355
"P220S",-1.054353,2.73118
"D112A",-1.052926,-0.987903
"E408S",-1.052831,0.806549
"G478R",-1.049979,9.67927
"G565E",-1.048234,18.1601
"C248D",-1.04646,3.09656
"H528R",-1.042057,-1.52321
"Q660S",-1.041694,-0.873769
"D139A",-1.041105,-0.448675
"G343E",-1.04044,3.25771
"Q163V",-1.039757,1.47491
"T108M",-1.039071,-0.803874
"M264L",-1.035452,0.115699
"I210L",-1.031325,-0.419888
"E101G",-1.030889,-4.80019
"G278Y",-1.030313,0.596492
"G269V",-1.02997,3.15201
"W577G",-1.027318,4.30785
"V590V",-1.027249,0.0170668
"G323V",-1.026438,0.974159
"F73R",-1.024199,0.612958
"D139L",-1.023825,3.27532
"C276R",-1.023581,2.87631
"Y679T",-1.01964,2.32744
"D362R",-1.017355,-0.421006
"C155G",-1.017276,0.973511
"A399R",-1.016839,1.19381
"F200M",-1.01646,0.107073
"K507R",-1.015844,-0.155011
"N405I",-1.014808,-0.769992
"T503K",-1.014801,-0.499295
"S610C",-1.007831,4.56663
"N156R",-1.003962,0.0506887
"A459R",-0.99821,-0.861791
"D651R",-0.997993,-0.398341
"T315I",-0.997467,0.45826
"P563H",-0.993878,2.43781
"G516Y",-0.993421,-1.06614
"C340Y",-0.992415,2.1525
"S286L",-0.990707,0.0342164
"I560I",-0.990531,0.156321
"G505Y",-0.989934,0.842343
"T510L",-0.983687,-1.02074
"C667R",-0.9827,1.7061
"C261S",-0.979597,4.27022
"N322I",-0.97724,0.0710431
"W180G",-0.975892,-1.0493
"A141T",-0.975304,0.0522915
"D551R",-0.971604,-0.470154
"F200G",-0.968623,-0.0107491
"I623T",-0.967621,-1.12043
"S212C",-0.96492,-0.315311
"D263A",-0.961116,0.0166235
"P519T",-0.959283,-1.15417
"T467I",-0.952805,-0.557598
"W165A",-0.951807,2.30365
"C379D",-0.949738,7.69583
"C116H",-0.945842,11.407
"E201V",-0.942684,1.77223
"T659G",-0.941612,-0.615939
"Q254P",-0.941058,5.21253
"Y400E",-0.940789,0.568312
"V468T",-0.938944,0.614877
"G636D",-0.935223,0.980412
"C68G",-0.931052,-0.162638
"Y419K",-0.929881,0.162891
"G71R",-0.927611,-0.0632263
"P220H",-0.925445,1.00769
"I560F",-0.923676,-0.725089
"A540A",-0.923624,0
"L555Q",-0.923326,0.846292
"R88D",-0.921231,2.97197
"R300V",-0.920296,0.53156
"C696F",-0.918984,10.1218
"W533R",-0.917911,-0.412733
"S584K",-0.917866,-0.0894282
"V395G",-0.916465,-1.05507
"M702I",-0.914796,2.00242
"L568G",-0.912013,2.25192
"C109Y",-0.909942,1.75023
"C340C",-0.906935,2.95586e-12
"C197R",-0.898702,1.88243
"Y553Y",-0.897738,-9.9817e-11
"G676R",-0.894187,5.23569
"A631V",-0.893949,1.2111
"T291P",-0.89293,0.987877
"F200L",-0.891109,0.101059
"S152G",-0.891035,-3.82865
"T363T",-0.890566,0.117457
"L575F",-0.890049,0.592103
"Q125K",-0.889466,-0.684241
"H607Y",-0.88911,5.33351
"S447F",-0.888498,-1.56858
"S157L",-0.886869,0.122464
"I598L",-0.886142,-1.95347
"Q686E",-0.885369,-0.269966
"D266V",-0.884628,0.727885
"D133N",-0.882653,-2.56314
"A643T",-0.882591,6.77901
"V271L",-0.878447,-0.477602
"E668Q",-0.875407,0.342979
"Y679L",-0.873969,0.596896
"Y489E",-0.87311,0.960501
"Q378N",-0.871018,-0.476348
"C379T",-0.869944,2.30121
"V556R",-0.86669,0.169272
"H388E",-0.863831,0.406272
"L414Q",-0.863447,1.74635
"G324S",-0.861563,0.541873
"D304D",-0.860781,-0.0221306
"H388T",-0.859259,1.89367
"F200I",-0.857237,0.500272
"D700L",-0.853862,2.9144
"G461C",-0.853805,0.224821
"Y489L",-0.852387,-6.46663
"S177G",-0.851381,-4.61186
"C368G",-0.850178,-4.85851
"F629G",-0.850076,0.979341
"S326G",-0.849468,-4.16794
"N272H",-0.847655,1.89484
"I687L",-0.847007,-0.28191
"S142L",-0.844923,2.03844
"E408D",-0.843279,-1.82793
"N632R",-0.842939,-0.457319
"S99L",-0.842641,7.27108
"G251G",-0.84218,0
"G461V",-0.840846,1.19062
"Y465N",-0.840561,0.266071
"E644V",-0.840192,0.706546
"R183D",-0.837669,0.150498
"I566M",-0.836588,-1.28798
"N640L",-0.836351,0.431599
"P238C",-0.835836,0.892031
"S142F",-0.834396,1.9584
"N632L",-0.829347,-0.515845
"N688H",-0.829277,-0.013181
"S438L",-0.827765,0.272309
"K69K",-0.824774,-2.4329e-11
"L599S",-0.824248,1.49082
"G545R",-0.82396,17.2404
"E308S",-0.823943,-3.37929
"D638N",-0.823397,-0.474895
"V523R",-0.822875,-1.56961
"H460V",-0.822791,0.146232
"T538H",-0.822677,-0.283597
"N330D",-0.822581,0.553015
"F344G",-0.820657,-1.09574
"R88V",-0.82063,0.853245
"G343Y",-0.820034,3.43141
"G676E",-0.819896,5.02367
"T713K",-0.81913,-0.712127
"E258W",-0.818765,-0.64581
"R257L",-0.818761,1.05861
"I441L",-0.818251,-1.21643
"F619R",-0.817862,5.06461
"N564R",-0.817027,3.56124
"D707Y",-0.814741,0.0728237
"T597T",-0.812519,0.00200977
"T274K",-0.811068,0.1492
"E408V",-0.807291,1.79002
"C340H",-0.807114,4.51016
"N230H",-0.802209,0.785407
"F403N",-0.801322,1.27947
"C364G",-0.796156,-1.03727
"S365G",-0.795831,0.633506
"P387L",-0.794562,0.875814
"Q242N",-0.793838,1.0177
"E615W",-0.793796,0.0729257
"C197Y",-0.790258,3.64899
"D178H",-0.78875,0.893986
"Q660P",-0.786488,3.53832
"L371P",-0.785517,0.0886583
"K581K",-0.784699,-2.56478e-10
"I522R",-0.777839,1.08014
"D260R",-0.777718,-0.724606
"C216C",-0.777346,0
"T670T",-0.777188,3.61138e-09
"L146Q",-0.776466,-0.27593
"L432Y",-0.773282,6.82788
"I210I",-0.771873,1.8872e-11
"D139E",-0.770735,2.14936
"S286G",-0.767835,-1.35334
"P279C",-0.765067,0.890151
"R633A",-0.760982,-1.87895
"R115H",-0.760772,-0.282304
"R183C",-0.76021,0.248889
"L511G",-0.759952,0.0571442
"P144H",-0.756667,2.40956
"C216F",-0.755495,1.90163
"C155T",-0.752518,2.06255
"P608R",-0.752239,5.05299
"G287G",-0.745609,2.27374e-13
"C364V",-0.743628,2.09509
"Q455N",-0.742803,-0.662643
"P526R",-0.741575,3.01786
"T389L",-0.738982,1.13712
"V233V",-0.736708,0.00218756
"C255V",-0.736198,3.04756
"D94G",-0.736162,0.642033
"D256A",-0.736018,0.19308
"C109S",-0.730388,1.01577
"C128Y",-0.728869,2.66835
"Q163S",-0.728584,0.0449935
"A606T",-0.728205,1.50637
"R410D",-0.727358,1.52511
"D72N",-0.727126,0.242077
"C329D",-0.726054,3.25998
"L456Q",-0.724653,1.30046
"C95Y",-0.720316,9.49825
"T413G",-0.719798,-1.28992
"L164G",-0.719441,0.430584
"S110L",-0.717998,-0.322673
"T363N",-0.717881,-0.683331
"L575L",-0.715256,-2.70575e-11
"C313D",-0.714882,4.66765
"L414R",-0.71461,1.99276
"N97H",-0.713035,0.156418
"I249E",-0.711711,1.22972
"C197H",-0.711123,4.26691
"H690K",-0.707434,0.797256
"E650E",-0.705223,6.8832e-07
"L642S",-0.705061,1.34965
"C155V",-0.700859,1.37178
"G478E",-0.699506,12.2551
"P476S",-0.698666,0.551464
"H607R",-0.697818,0.404833
"D342A",-0.697545,0.528477
"I560E",-0.696551,1.16609
"T67L",-0.696389,0.578348
"A627V",-0.694719,3.96947
"D482A",-0.694227,1.39663
"V468L",-0.693237,-0.659249
"L568P",-0.693178,2.81654
"I161E",-0.689903,2.0837
"D170G",-0.688831,-0.60811
"R520T",-0.686028,-1.7203
"C392D",-0.683461,8.19296
"D466D",-0.682287,-1.85496e-08
"L432V",-0.677772,1.06591
"V436M",-0.674983,-1.34466
"C364H",-0.674325,1.24164
"V653L",-0.672435,1.17733
"I522E",-0.672355,-1.06942
"C377F",-0.672206,-0.174739
"Q448N",-0.668506,0.420481
"T420T",-0.667257,0.00177001
"D354A",-0.666843,-2.33339
"Y336D",-0.665752,1.93817
"I522T",-0.665388,-3.35855
"D331R",-0.664957,5.63322
"L339V",-0.664408,0.683169
"Q678H",-0.663177,0.301905
"N665L",-0.660542,-0.0639861
"C104R",-0.658627,-0.823153
"D301E",-0.656716,0.0519041
"S572K",-0.656245,-0.683706
"C75H",-0.65424,16.6808
"P661L",-0.653919,0.551874
"G373D",-0.653563,3.95165
"R440D",-0.651367,5.65529
"F344Y",-0.650293,-0.314911
"D616A",-0.649965,0.0827301
"P196G",-0.649904,1.78468
"V429V",-0.649874,2.65593e-08
"E353V",-0.646616,-0.76829
"N564S",-0.645873,-4.57341
"L646Q",-0.645334,-0.448208
"S637K",-0.644309,-0.827462
"L332Y",-0.64393,-0.773839
"T404L",-0.643016,-1.82295
"W533C",-0.640526,-1.66222
"E140K",-0.640374,-1.24837
"S152K",-0.638693,4.93045
"L446V",-0.636581,1.18599
"C104T",-0.635571,0.678688
"C68T",-0.634834,0.22585
"E101K",-0.630759,1.36524
"N439L",-0.629786,-0.0185185
"F655F",-0.628464,0.113032
"N97L",-0.625794,0.611267
"Q242Q",-0.625728,-0.390841
"N272S",-0.625474,0.596714
"D700G",-0.621436,3.14538
"C358C",-0.621002,0.269844
"Y419T",-0.6202,0.0683989
"G636C",-0.619054,0.946717
"C236R",-0.618957,2.09382
"D525L",-0.618276,-3.22084
"R215L",-0.617394,0.675672
"G382D",-0.616921,3.29381
"C261V",-0.616262,8.04331
"L495G",-0.615471,-1.31444
"M652R",-0.614648,1.48414
"H211K",-0.612736,-0.342468
"C681V",-0.610205,2.72928
"D651N",-0.609064,-0.14273
"G478Y",-0.606599,19.4112
"L658L",-0.606454,-2.0691e-11
"N330K",-0.605914,-0.0058684
"S580L",-0.605386,13.9322
"R416T",-0.605299,1.91263
"G207S",-0.604769,4.09626
"D263Y",-0.601784,0.137009
"E337K",-0.601074,-0.433875
"T510H",-0.600388,0.241253
"H528V",-0.600367,2.38077
"G373S",-0.600244,2.18738
"S648T",-0.598661,1.87157
"C318D",-0.598358,2.26136
"P309P",-0.596651,-0.00520429
"F614N",-0.596108,0.541557
"V127I",-0.595049,-0.106898
"F153G",-0.594111,-1.69369
"L346P",-0.592565,4.90636
"D457A",-0.589233,0.18583
"L642W",-0.586502,-0.433944
"W443R",-0.585847,6.52865
"D94L",-0.584817,-0.326428
"I552M",-0.583326,-0.560343
"C184S",-0.579611,1.71166
"C698S",-0.57543,4.01815
"D178V",-0.575176,0.168199
"S554K",-0.574925,-0.502535
"V429G",-0.574738,0.762155
"V430T",-0.572447,0.398973
"G565D",-0.571989,22.8493
"D266Y",-0.571974,15.2037
"C109R",-0.568352,-1.44399
"E514K",-0.568212,0.206856
"L164L",-0.56779,-1.02318e-11
"K393R",-0.567684,-0.0194823
"C216T",-0.565198,3.1814
"E337W",-0.564951,0.165252
"D301Y",-0.564218,0.336547
"G676G",-0.562439,0
"E258S",-0.56206,-0.178069
"C377R",-0.56155,0.230486
"L426P",-0.558436,3.6456
"L658Y",-0.558167,-1.37323
"C698G",-0.549495,1.90575
"Q92V",-0.548302,1.77418
"I522L",-0.547958,-2.66428
"E644E",-0.547192,5.68434e-12
"D170L",-0.54716,-2.3784
"T491L",-0.54613,-0.573382
"G478S",-0.545305,5.16671
"H607D",-0.543747,2.52851
"S130G",-0.542917,-0.823138
"G573E",-0.54043,13.465
"D301R",-0.540324,0.528875
"P539S",-0.538253,-0.836778
"G374E",-0.536745,-0.225042
"N640R",-0.536679,-1.64505
"R513V",-0.536624,0.853976
"W165I",-0.53562,3.36939
"P279P",-0.535343,-0.074494
"S493K",-0.534429,-1.47132
"E357Q",-0.534344,0.00546799
"E353S",-0.529125,-0.489226
"T67K",-0.528226,-0.0450614
"S710K",-0.528185,0.345318
"V523M",-0.527273,-1.18914
"I488I",-0.52567,0.00038653
"W490H",-0.524896,5.14644
"T454H",-0.52438,4.55688
"S138G",-0.521421,0.131428
"L568Q",-0.521356,0.911449
"T315G",-0.516867,0.480746
"N645L",-0.514755,0.431175
"C681W",-0.513118,13.7578
"H388D",-0.51178,0.346748
"E626E",-0.510079,-6.48811e-09
"I585R",-0.509996,0.499278
"I473R",-0.50624,-0.496502
"P105C",-0.505345,-0.313072
"S648F",-0.502751,-1.03472
"S648P",-0.501293,3.17915
"Y489K",-0.50004,-1.94056
"W577I",-0.499081,4.56368
"F403F",-0.496814,-1.13687e-12
"E140Q",-0.495857,-1.43907
"T434K",-0.495408,0.0124426
"W214H",-0.495131,1.43652
"C197T",-0.494319,3.62065
"I484E",-0.493735,0.204357
"C358V",-0.492647,1.4267
"E308E",-0.488277,-0.0821121
"D601L",-0.488047,0.0799319
"S158T",-0.48797,2.08224
"D579E",-0.485321,1.28141
"W483H",-0.484433,3.02422
"D256L",-0.483086,0.195147
"H211Y",-0.479891,-0.645873
"D472A",-0.478315,1.95728
"C318T",-0.473913,1.74099
"V328L",-0.469128,-0.431907
"D320A",-0.467373,-0.310563
"A394V",-0.467327,7.56808
"V664G",-0.466999,0.951164
"L682F",-0.466915,2.05064
"G496E",-0.464679,21.3208
"V524V",-0.463989,0.0178955
"G323R",-0.461413,0.113397
"T315H",-0.458353,0.929786
"V127L",-0.458079,-0.3073
"D227D",-0.456343,-0.00220139
"G516V",-0.455585,-0.412068
"S464K",-0.453175,-0.0362458
"K504T",-0.453106,0.043357
"L385V",-0.452757,0.762256
"S326K",-0.452467,12.3765
"G207Y",-0.451281,3.78181
"S648K",-0.449214,-0.746129
"L646I",-0.448947,-0.70044
"L146G",-0.448911,0.0464203
"R253A",-0.448348,0.552696
"H250H",-0.446213,0.000754116
"T671K",-0.445886,-0.226484
"F655R",-0.435109,2.87148
"D193R",-0.433373,-0.647631
"C68R",-0.433164,-0.0981015
"N280H",-0.432657,0.414501
"Q182F",-0.432491,0.0605344
"W483I",-0.432239,1.52025
"H656V",-0.429788,2.71729
"R132Q",-0.427896,0.60194
"N439D",-0.42759,-0.00400046
"P105G",-0.427233,-1.67018
"C377G",-0.426696,-1.28792
"S397K",-0.426287,-1.10766
"S610P",-0.425868,10.5814
"S610K",-0.424047,25.1935
"C89D",-0.421291,-1.03691
"P144L",-0.420753,2.48736
"C352V",-0.420741,11.5303
"F153M",-0.42059,0.642516
"C209Y",-0.417883,2.35639
"K376R",-0.415905,-0.335132
"E113Q",-0.41449,0.101292
"I423E",-0.411333,3.41552
"D700A",-0.410317,2.3388
"L582Q",-0.409842,0.368662
"C711F",-0.40901,22.9402
"D477D",-0.408104,0.103255
"C197V",-0.407774,2.38625
"V498R",-0.407549,0.678499
"G374G",-0.404792,0
"R257W",-0.402905,0.557834
"Q384S",-0.400643,-0.983795
"P361G",-0.400527,0.773042
"L187G",-0.397332,0.171548
"D707V",-0.396732,0.21562
"R471D",-0.396442,-0.788822
"F241R",-0.396133,-0.740109
"E408K",-0.392665,0.227136
"R427D",-0.391915,-0.178393
"D239A",-0.388146,-0.0326285
"C116R",-0.387496,6.25484
"C261D",-0.385821,8.59353
"N439H",-0.383063,0.14158
"T108L",-0.382507,-0.214246
"V527L",-0.381602,-2.38609
"C248T",-0.380629,4.31377
"Q163N",-0.379809,0.827814
"P661E",-0.378496,0.499503
"G219Y",-0.378398,0.0246931
"S710T",-0.37468,0.984506
"D320D",-0.374301,-0.000207322
"P649E",-0.374165,9.00246
"R183V",-0.370332,1.7891
"Y465T",-0.36856,3.57207
"S158L",-0.368196,1.50372
"L682V",-0.367926,2.18167
"G103S",-0.367398,4.35327
"L634F",-0.367076,-1.05066
"C261F",-0.36687,23.985
"C352F",-0.364992,23.082
"K376M",-0.36448,0.450788
"H211P",-0.363372,-2.10382
"A199T",-0.362988,0.662389
"S195N",-0.362883,0.576625
"D601N",-0.362503,-0.00554572
"D707N",-0.360912,-0.162229
"Q561V",-0.360196,3.31393
"C296W",-0.360131,9.29117
"P476C",-0.357767,0.305965
"Q686Q",-0.356824,3.36513e-11
"K596E",-0.354994,0.255831
"G461E",-0.354012,0.372638
"D133R",-0.351534,-2.01922
"K294L",-0.351316,0.341084
"V145R",-0.351271,-1.01302
"N316S",-0.351147,0.284565
"C82G",-0.350937,-4.42243
"L495V",-0.349898,-1.00575
"D502D",-0.349402,-1.34687e-07
"T635T",-0.347907,0.00249811
"C75S",-0.347793,-0.798531
"G137Y",-0.347253,-0.650383
"A684R",-0.347024,5.72869
"P424E",-0.347002,2.53349
"D301N",-0.346956,-2.1935
"C236H",-0.346571,3.10473
"R350G",-0.346477,-0.148968
"V550V",-0.34641,0.00822033
"C276Y",-0.344265,1.44721
"C167Y",-0.343188,3.57187
"F402L",-0.342634,-0.724377
"C711T",-0.341218,7.99836
"M264I",-0.340607,1.09191
"V664V",-0.340348,0.004094
"T491N",-0.340069,-1.78029
"Q455S",-0.338653,0.201681
"V506V",-0.336519,0.000449961
"C128F",-0.336329,1.88435
"G537Y",-0.333079,-0.634052
"K603K",-0.331942,-1.86446e-10
"I484L",-0.331652,-1.08287
"C155R",-0.33127,5.82225
"C255C",-0.330679,0.0174093
"S447C",-0.329589,-0.0208317
"N564H",-0.328192,13.4293
"S130T",-0.327296,0.83795
"E558Q",-0.325172,1.15235
"S265C",-0.325029,-0.317958
"D94D",-0.323959,-0.0014759
"K617R",-0.322832,-1.33177
"H407V",-0.321926,4.65793
"C75D",-0.319394,2.49519
"C276H",-0.317972,2.34691
"R440G",-0.317194,-2.17769
"E337S",-0.315304,0.645826
"C75G",-0.313122,-4.61174
"P661P",-0.312921,0.0397227
"T491G",-0.310651,0.418814
"P519C",-0.309777,-2.49024
"K107L",-0.30902,0.625983
"R604R",-0.30546,0.00546139
"S226C",-0.305099,2.60105
"D307G",-0.304463,-0.95644
"L292L",-0.303757,-0.00268646
"E228D",-0.303039,2.08456
"V527T",-0.302997,0.125605
"T467G",-0.302649,-0.597888
"I522V",-0.302303,0.702571
"A141R",-0.302288,-0.610918
"I398T",-0.30134,-0.254735
"T557T",-0.299878,0.00997158
"F694V",-0.299133,0.279236
"D170R",-0.298222,-1.65299
"K107K",-0.296904,-0.0432596
"C95D",-0.295452,6.62477
"S365L",-0.294425,-0.410629
"A199F",-0.294145,0.822442
"S194S",-0.293596,-0.000129285
"G71G",-0.29233,0
"C340F",-0.291569,1.8751
"T434T",-0.291459,0.0351197
"G373C",-0.288391,3.13995
"G219V",-0.286319,0.00955167
"I290T",-0.284822,-0.692956
"G573Y",-0.284551,41.8672
"L547V",-0.283163,4.29712
"K518G",-0.283095,-1.20563
"C667V",-0.282392,3.63253
"A459G",-0.281591,0.390572
"P539P",-0.2751,-4.54747e-13
"S710N",-0.274645,-0.781814
"L641V",-0.274275,1.6928
"L582G",-0.274162,-0.397731
"C352Y",-0.272475,31.7873
"F114I",-0.271524,2.36389
"I488T",-0.269899,-0.501359
"L135V",-0.269009,0.520522
"H656Y",-0.268924,-1.56599
"A697R",-0.266789,1.49853
"R300T",-0.265963,0.595492
"P526P",-0.263563,2.15193e-08
"I83I",-0.263226,-0.0295357
"L646L",-0.262749,2.1555e-10
"C104D",-0.262433,1.28766
"N425D",-0.258708,1.27204
"H250P",-0.258069,1.37
"A612F",-0.258034,7.93889
"A606R",-0.255487,0.277097
"D482Y",-0.255463,3.15521
"C698H",-0.254258,16.826
"T291H",-0.25246,3.54771
"A437R",-0.252067,-0.940162
"S158C",-0.251299,1.3302
"S517K",-0.249777,7.91752
"F200F",-0.248916,0.000174675
"Y375T",-0.246025,-0.333442
"E615S",-0.244065,-1.14306
"E380W",-0.24206,0.295737
"S252L",-0.241256,0.814064
"A431F",-0.240845,13.3959
"P309C",-0.240276,2.29254
"V347L",-0.239263,-1.39982
"T159I",-0.239057,4.63542
"G176E",-0.238665,4.37596
"I83R",-0.23861,-1.20114
"S226F",-0.237881,14.8605
"P238H",-0.233137,1.15679
"P692P",-0.232158,0.0615791
"I585V",-0.231985,-0.279904
"L555P",-0.231866,11.2546
"S554W",-0.230412,-0.318027
"D170N",-0.229872,-1.02618
"C698R",-0.229475,8.62236
"L511Y",-0.225759,0.714697
"D239R",-0.223874,-0.432288
"D579N",-0.223375,-0.149319
"E179K",-0.223341,-2.48489
"N428L",-0.219203,-0.0921001
"D129D",-0.219047,-0.0260802
"C392R",-0.217368,9.07263
"D263L",-0.2163,0.990349
"K411L",-0.2157,-0.934254
"N405K",-0.214787,-0.447983
"K617E",-0.213383,0.0635578
"P526E",-0.211146,3.82103
"N665H",-0.210136,0.585998
"K617L",-0.209161,-0.450907
"I83E",-0.208459,0.210719
"V578F",-0.20827,7.37905
"N280R",-0.206875,-0.0259567
"S648L",-0.206328,-0.714826
"I566I",-0.205999,2.31694e-09
"C155H",-0.204974,11.503
"A391G",-0.204971,0.680412
"A437G",-0.203063,-0.255012
"A705V",-0.203015,0.736509
"C352S",-0.202407,2.44204
"Q125N",-0.201161,0.404313
"R253P",-0.198002,3.83873
"E113K",-0.19736,0.960629
"L642G",-0.195933,-0.72864
"F114F",-0.1949,-0.00506205
"R520V",-0.194663,-0.144823
"D301V",-0.194511,0.816833
"C338W",-0.193846,4.7706
"R132W",-0.1936,0.977164
"S99G",-0.193397,-4.91174
"C82S",-0.191148,-1.15904
"E337Q",-0.189735,0.186011
"T534G",-0.186485,-2.06375
"C89T",-0.186169,-0.181681
"C302H",-0.185133,12.6237
"S326C",-0.183045,2.61462
"L568L",-0.181351,0.031392
"Q154V",-0.181298,0.944915
"S691G",-0.179251,0.159811
"D525D",-0.176538,0.114677
"L275Y",-0.176519,-0.276628
"Y553K",-0.173118,0.898875
"Q686V",-0.172082,-0.908243
"G675Y",-0.171798,21.9855
"V429R",-0.171002,8.02768
"T363K",-0.169886,-5.01535
"E208V",-0.169464,0.17615
"Q349V",-0.169296,2.52124
"S610G",-0.165515,-7.29725
"F200R",-0.16155,-0.935908
"P661H",-0.160208,1.04743
"L511F",-0.157793,0.54076
"A394T",-0.156473,4.31185
"C104S",-0.156371,0.678694
"S195L",-0.155672,0.495238
"C358Y",-0.154203,1.4388
"D293L",-0.153604,-0.614805
"E228S",-0.152953,-5.60638
"L339Y",-0.151804,0.336865
"I161L",-0.15124,-1.49314
"G545E",-0.150738,15.0189
"C352W",-0.150128,36.9971
"R303Q",-0.149498,-0.0581325
"C352C",-0.147637,0.00529935
"V468R",-0.146577,0.370404
"L401Q",-0.146286,3.79538
"D139R",-0.144062,5.86562
"G251E",-0.143317,1.53879
"R132V",-0.139996,1.32372
"K504K",-0.139901,-1.16392e-07
"D445E",-0.138595,0.846761
"D136D",-0.13843,0.00677178
"W443A",-0.138197,6.19246
"H117H",-0.137065,-0.0154295
"D362D",-0.136403,1.81899e-12
"K294K",-0.135925,-0.0286429
"Q660V",-0.135494,0.274409
"T557P",-0.135461,-2.55961
"V66L",-0.13264,-0.408054
"G246Y",-0.132347,-0.781605
"C155S",-0.128975,1.02517
"L422P",-0.126476,15.1951
"V395T",-0.125326,-0.699408
"Q561S",-0.122916,0.312585
"S157N",-0.122856,-0.170158
"T635L",-0.122838,-0.874483
"T534T",-0.121993,0.0356047
"L346Y",-0.120676,-0.31639
"G323Y",-0.119986,0.607928
"A643G",-0.11376,-4.02777
"I484I",-0.111692,-3.65703e-08
"E317K",-0.107544,-1.12335
"S195R",-0.107137,-0.450115
"Q349N",-0.106766,0.213601
"H388H",-0.105516,0.333239
"L164V",-0.103608,0.279208
"I598T",-0.103111,0.109661
"N297R",-0.103101,-0.219162
"P699P",-0.100067,0.00480364
"V500T",-0.098973,0.613262
"C89G",-0.098373,-2.60207
"W562A",-0.096839,-2.41342
"D700R",-0.095761,1.87783
"G91E",-0.094294,1.67745
"N594R",-0.093495,0.711111
"W490C",-0.093043,1.16691
"W443C",-0.091441,3.50623
"A684V",-0.089246,9.43682
"E179S",-0.087505,-2.27467
"R215S",-0.086427,2.81521
"N330S",-0.084944,0.026502
"P341E",-0.084659,1.13967
"V268G",-0.084526,0.772618
"I290E",-0.083445,-0.795682
"C128C",-0.082397,4.54747e-13
"V613R",-0.081917,3.0971
"V145V",-0.080958,-0.0105005
"W620C",-0.078757,1.27719
"V328V",-0.078579,-2.27374e-12
"D616L",-0.07774,-0.184639
"L555R",-0.077229,1.30903
"P476G",-0.076656,1.4658
"A521T",-0.076563,5.35249
"E435E",-0.076149,-4.20641e-11
"R416D",-0.075338,1.14541
"L703Q",-0.07456,-0.54064
"W490A",-0.074459,-0.30663
"R604G",-0.074208,-0.0751992
"E353E",-0.073199,0.0559797
"D175R",-0.071496,-1.16873
"P685H",-0.069902,2.54843
"K617T",-0.067533,1.41132
"A394A",-0.065799,0
"S447T",-0.063752,1.20736
"T557L",-0.063667,-0.682397
"G192Y",-0.062294,4.06697
"M652L",-0.061908,0.710053
"N428S",-0.060403,0.360045
"G76Y",-0.058879,4.53727
"G218Y",-0.058581,1.78763
"S499C",-0.058334,0.423497
"Q378V",-0.057815,2.41379
"S286T",-0.057775,1.15355
"A391T",-0.057722,-0.0140363
"K107T",-0.057086,0.553344
"T235H",-0.056312,-0.11067
"I624V",-0.056152,0.088331
"V494L",-0.054123,-0.181307
"Y400L",-0.053648,0.00525169
"E558V",-0.053578,1.77098
"T671L",-0.053065,-0.00193693
"R115T",-0.05251,0.79973
"C209G",-0.051671,-0.160758
"V498L",-0.051104,-2.03991
"P105L",-0.050633,-0.722817
"R595V",-0.0499,1.08275
"V664R",-0.049646,-0.192804
"F694R",-0.049633,-1.00333
"L555Y",-0.0458,4.98613
"W536H",-0.043596,2.8161
"C667D",-0.043173,2.08527
"D129E",-0.036406,0.0810572
"W180I",-0.035056,2.72663
"G478V",-0.030478,9.61784
"S130K",-0.029599,-0.419266
"D178G",-0.026315,-6.36331
"H407K",-0.025937,-3.73131
"D90L",-0.022691,-0.143769
"Y576Y",-0.022604,1.73281e-09
"F73L",-0.020236,1.0416
"A606F",-0.019942,0.478567
"D457G",-0.019359,-2.53179
"V550T",-0.018755,0.0603489
"R215A",-0.017976,1.70646
"D136R",-0.016169,0.460699
"S74T",-0.015917,3.16851
"D535R",-0.015732,1.68358
"L571Y",-0.014768,-0.675171
"L426R",-0.014697,0.918946
"G149G",-0.013528,0
"L385P",-0.012702,0.339647
"Q678V",-0.012484,0.429856
"P424T",-0.012431,2.8837
"L599Q",-0.009733,0.464954
"C104F",-0.009054,-0.876543
"Q349F",-0.00816,0.42235
"G676S",-0.007626,4.30068
"V295L",-0.005977,-1.48723
"D492N",-0.005686,-1.92295
"E308D",-0.005598,2.76042
"A431R",-0.002806,5.10999
"Q254V",-0.001024,4.81686
"S572S",-0.000756,0.000172437
"E558G",-0.000636,-2.3501
"N665S",-0.000364,-0.617257
"E277G",0.001686,0.773363
"P685T",0.002548,3.53842
"A501G",0.002915,-0.395548
"C104V",0.003717,0.861287
"D100R",0.003753,7.28288
"V613T",0.005218,1.02989
"A459F",0.006397,0.0457628
"G505A",0.007223,0.387888
"A151S",0.007415,0.447898
"N330N",0.009195,0.0577929
"G186E",0.009486,1.99749
"R595A",0.01073,0.118772
"R132T",0.011169,1.1873
"L401F",0.011869,8.82224
"F73N",0.013521,-0.286963
"I598R",0.014357,1.0269
"A299A",0.018195,6.13909e-12
"C89C",0.018815,-0.0100403
"S584G",0.021771,-0.526662
"I210R",0.022116,-0.371447
"H690D",0.022449,1.80565
"F655M",0.025031,2.10319
"G137E",0.026099,0.145433
"C296D",0.026196,6.5417
"N425N",0.027524,4.19018e-08
"D386D",0.028987,-1.43245e-11
"D616R",0.029705,-0.685986
"H211T",0.029839,0.56323
"D502R",0.029952,2.12439
"Q125Q",0.030227,0.0126447
"S464T",0.030834,3.03622
"C452T",0.031639,0.497559
"T404S",0.032025,0.219191
"L446Q",0.032266,0.548951
"D178R",0.032302,0.127494
"C248H",0.033427,4.48255
"T671H",0.035538,-0.0540923
"E337E",0.036064,-0.00251391
"D133Y",0.036442,-0.329612
"D651Y",0.038945,-0.160639
"L332G",0.039728,-2.0216
"S438G",0.039958,0.974306
"I210F",0.04011,0.070857
"K518L",0.040731,-0.0508539
"D342N",0.041713,0.0841832
"T467N",0.041944,-0.456162
"L511Q",0.043496,0.818696
"E179W",0.04352,-2.34153
"S213T",0.045856,0.250233
"D445L",0.047296,-0.528821
"A394R",0.047606,4.86161
"P526L",0.048758,2.70751
"P171H",0.04892,1.60927
"R351T",0.049844,3.04357
"H327E",0.051479,-0.48562
"R604A",0.052249,1.18822
"V527I",0.052786,-0.493827
"V618L",0.057364,-1.61056
"A480S",0.060199,0.193462
"C82D",0.062581,1.43928
"Q448V",0.06488,1.0435
"L135G",0.065005,-1.14814
"H583D",0.066003,1.89224
"P699S",0.067093,1.38419
"Q359K",0.067767,-0.110952
"I83F",0.068998,0.208657
"D601G",0.071538,0.25377
"G593E",0.071797,-0.93113
"C231D",0.072062,2.81608
"F153C",0.072085,-0.595172
"P238E",0.072341,1.02509
"G675G",0.072649,0
"C255R",0.072884,1.15574
"I249I",0.073921,-0.0404091
"G516E",0.074839,-1.13182
"V481R",0.075145,0.701706
"G149V",0.07627,0.108465
"N625H",0.076729,0.706537
"G77G",0.077019,0
"N548H",0.07703,7.81158
"T497L",0.079365,0.236916
"H203T",0.079586,-0.294995
"T557I",0.080341,-0.0483574
"A643V",0.081114,7.8293
"E418G",0.082027,0.419693
"R350V",0.082118,1.85875
"A612R",0.082219,9.54598
"A299S",0.083996,-0.445117
"N297H",0.085603,0.298544
"A631A",0.086361,0
"H690Y",0.087204,1.69387
"I598E",0.087476,1.71449
"S691L",0.088991,1.26693
"D245L",0.090242,0.499642
"R574D",0.091236,2.91029
"V395R",0.09249,-0.678577
"H485T",0.092534,0.925305
"S70K",0.092777,-0.123373
"D525A",0.093475,-1.18114
"S580P",0.094757,5.82289
"F383N",0.096229,0.433871
"E228E",0.096461,-0.316617
"A521G",0.09725,-3.85628
"G324G",0.099758,0
"V498T",0.100531,-0.0122677
"K693R",0.100921,-2.50545
"C222W",0.101236,20.9035
"H607V",0.105135,4.47032
"E317S",0.107528,0.0305513
"C340D",0.108212,5.82165
"L642Q",0.109485,1.03217
"C379Y",0.109995,12.2012
"P563C",0.112197,-0.584215
"C340V",0.113688,7.32916
"R633C",0.114355,-2.67757
"F114G",0.114653,1.0342
"E372Q",0.115033,-0.317675
"C261C",0.116039,-1.24305e-08
"L672Y",0.117042,3.16678
"E317Q",0.119696,-0.70518
"Q660F",0.119851,2.16595
"A399S",0.122955,-0.226743
"P341P",0.124403,1.13094e-05
"F694N",0.124663,-0.248553
"S306G",0.124907,-1.77325
"V268R",0.12653,-1.35474
"S673G",0.12728,-0.674667
"D266D",0.127653,-8.0722e-07
"Q254E",0.129186,1.44174
"S417G",0.129813,-0.396125
"R508R",0.130809,-6.98947e-10
"E308W",0.131032,2.66792
"S630R",0.131325,0.191673
"C698V",0.134136,5.08368
"L135L",0.134593,0.00011086
"D307N",0.134793,-1.02927
"E229W",0.135926,-0.810745
"L642Y",0.136487,0.093459
"T420H",0.139441,0.354374
"V127V",0.140657,-0.00589856
"P341R",0.140946,0.231993
"G91Y",0.141047,0.750246
"A521S",0.14265,0.773159
"C82W",0.144569,4.42918
"E602W",0.144882,1.29564
"L422Q",0.145388,1.70564
"S213G",0.145528,-1.01385
"T108K",0.147527,-0.486531
"E240E",0.147642,-0.0171046
"G91V",0.147825,1.91479
"R351I",0.148914,4.63429
"P181G",0.1503,0.936377
"L205Y",0.151199,-0.358752
"W536G",0.151756,-3.41021
"M652Y",0.152345,14.8867
"C109D",0.155139,0.889988
"N559R",0.155752,-0.242722
"P144E",0.156585,1.91797
"M412Y",0.156745,0.55557
"A394G",0.15828,-4.14158
"A234F",0.158428,0.0875053
"V618G",0.158543,0.756234
"E408A",0.159805,1.27492
"L672Q",0.160471,-1.61257
"P84H",0.160843,1.00512
"S397T",0.161506,0.522801
"C82T",0.162021,2.47862
"A705P",0.162175,7.62292
"T467S",0.163869,-0.600603
"S157G",0.164387,0.50548
"F344F",0.164875,-2.36942e-06
"K617G",0.170337,1.16843
"G98C",0.170463,3.06257
"G545V",0.172464,12.5707
"W483C",0.173578,1.43292
"T67H",0.173948,0.50125
"K509E",0.175635,2.68608
"D224D",0.175717,2.27374e-13
"W483A",0.175818,1.38502
"F655G",0.176041,0.857428
"S265K",0.177397,-1.43027
"E240S",0.178196,-0.728988
"A431G",0.179127,-3.97776
"V127R",0.180184,-0.802468
"D112E",0.183457,-0.925753
"T147T",0.184273,0.0073617
"A501R",0.184481,6.46975
"T404G",0.184502,0.465043
"S438T",0.185894,0.682034
"S226G",0.187039,-5.35473
"T659L",0.187525,-1.25981
"W666C",0.18831,1.23723
"T315K",0.188907,-0.00392802
"T491A",0.189377,-0.794041
"C143T",0.189685,3.28646
"G219G",0.190003,0
"T467T",0.190989,0.0231983
"S265L",0.191282,-1.28958
"F619G",0.191865,3.09193
"G76W",0.194959,4.46257
"A394F",0.195262,1.48891
"G103E",0.196404,7.86921
"I290I",0.196615,-0.008167
"D651L",0.196791,-0.271288
"C89R",0.196966,-0.68108
"R595L",0.196974,0.183487
"V613L",0.198093,-1.33964
"C667G",0.19961,0.486603
"R88R",0.200329,-0.0910291
"V506G",0.200959,-2.98481
"N322L",0.202332,0.735839
"E240K",0.203424,-1.78469
"R303A",0.203463,-0.991205
"V369L",0.203883,-0.531964
"S630S",0.205731,-6.12636e-09
"T497P",0.206367,3.75421
"S213I",0.208001,2.06101
"L647V",0.210804,0.257965
"D301A",0.212378,-0.274581
"Y679K",0.213384,0.667217
"L275G",0.220127,0.0690052
"D227L",0.220848,-2.33056
"L187L",0.220874,-2.46382e-09
"C667H",0.22122,3.13282
"P683G",0.22162,0.483946
"R253Q",0.221773,0.883
"G176V",0.223173,5.48005
"I628L",0.223666,-1.372
"S206S",0.225325,1.81899e-12
"N548S",0.225625,0.678467
"G676C",0.227222,3.54683
"L146Y",0.229054,-0.111487
"K69G",0.229231,-0.561545
"C261T",0.230251,7.82891
"E372V",0.2305,0.497424
"G71V",0.231275,2.43602
"I628I",0.233318,0.0336658
"G186Y",0.234525,3.03955
"P699G",0.234823,1.10621
"Y419C",0.234862,0.798973
"A540R",0.235579,5.54604
"K596T",0.236541,0.68817
"S306T",0.238496,0.985027
"K509T",0.240798,0.929043
"E650S",0.243239,-0.674667
"Y553T",0.243901,0.827278
"I398L",0.244286,-0.628486
"N674L",0.244306,0.418187
"L456G",0.244972,2.31738
"K596R",0.246788,0.507079
"R604V",0.248056,3.43884
"P689P",0.249354,-1.01899e-05
"G335Y",0.250029,0.0244771
"F619L",0.251853,1.27403
"L401V",0.25194,2.20932
"R410T",0.25288,1.8423
"S438K",0.253343,-0.191246
"R257P",0.253757,3.38899
"C452V",0.254046,0.392264
"C276D",0.254396,2.83712
"D433A",0.254652,0.199272
"G137G",0.257109,0
"D129N",0.257548,-0.144918
"N280L",0.257669,1.29745
"C711H",0.25928,26.9856
"V271R",0.25963,-0.715924
"T621G",0.25988,-5.74119
"T291K",0.260114,-0.397359
"P685L",0.260875,1.1608
"A501E",0.260913,1.4931
"E353Q",0.261147,-0.982775
"C143Y",0.261633,1.66307
"G324Y",0.26275,0.545119
"Y375L",0.263189,0.804359
"L658P",0.263529,2.83638
"V127G",0.266095,-0.840667
"I624T",0.266382,-0.198232
"L426L",0.268075,4.77485e-12
"C392T",0.26811,6.16288
"N370S",0.26815,1.18705
"Q154S",0.268421,-0.131521
"G478W",0.269307,20.0591
"C236T",0.269739,3.33367
"N370I",0.270992,7.14174
"V550R",0.271079,-1.16408
"P539H",0.271666,0.235148
"T510T",0.272872,0.0573895
"G278S",0.273691,0.862468
"V430V",0.274518,0.0348033
"Q448Q",0.274781,1.8872e-11
"A705A",0.275092,0
"R88K",0.276068,0.546306
"N487N",0.276093,0.18346
"D331A",0.27671,-2.23707
"G91S",0.277893,1.33112
"S486L",0.278292,1.90169
"L611G",0.279018,-1.96128
"K518N",0.279206,-0.136607
"N247H",0.280067,0.604388
"C155D",0.281613,4.17335
"L605L",0.281819,-2.27374e-12
"R237C",0.282038,0.346314
"E258E",0.283032,-0.00157291
"R709R",0.283888,4.77485e-12
"C329V",0.284942,0.9853
"F629N",0.285141,1.80029
"V618V",0.287103,0.000459394
"S99K",0.287657,3.04473
"V328T",0.287996,0.620303
"C368H",0.287999,6.43293
"G98S",0.288223,3.15191
"G537R",0.288683,0.507945
"G382G",0.289193,0
"T567N",0.289578,-0.469944
"V233G",0.289603,0.00673393
"V436A",0.289862,-0.98521
"R520M",0.289971,-1.1168
"N330R",0.29088,-0.539579
"N370T",0.291279,4.18464
"N625S",0.293206,0.66918
"I310R",0.2938,-1.03073
"D386L",0.293881,-0.447201
"P196H",0.295493,1.99896
"D178D",0.295632,5.55064e-07
"G186V",0.296408,4.96295
"R183S",0.297676,0.281043
"Y336K",0.297925,-0.960537
"Q384V",0.300553,1.35076
"L704G",0.300667,0.873259
"V639I",0.301405,-1.09626
"I585L",0.303347,-2.25147
"A612V",0.305031,2.61617
"V429T",0.305348,0.756142
"T420G",0.306182,0.0035964
"D112N",0.306197,-0.500226
"R410A",0.306414,0.463072
"R427V",0.306414,1.37966
"W536C",0.307003,-1.65701
"D651V",0.307205,2.288
"A521V",0.308625,7.59133
"S630K",0.308899,1.384
"A166D",0.308906,0.896814
"C148C",0.31183,-2.50111e-12
"S195K",0.31215,0.782622
"C368C",0.312314,0.0391907
"L319Y",0.31295,-0.292461
"G593C",0.313707,0.252235
"T695G",0.314129,-1.5682
"P181E",0.316108,1.05477
"D433D",0.316666,-1.81899e-12
"T291G",0.317577,-7.2461
"Q111Q",0.31799,-0.00160129
"S158K",0.318431,1.22235
"T454L",0.319669,0.432901
"H583T",0.320047,1.44467
"C116C",0.321199,2.50111e-12
"G701E",0.323326,1.35871
"N247L",0.323396,-0.739028
"C667Y",0.323657,3.28816
"E113W",0.32491,0.162438
"G636S",0.326338,1.11976
"L571Q",0.326489,0.51702
"V233T",0.327696,-0.648326
"H656T",0.329111,2.56771
"K518K",0.330566,-9.77707e-12
"D482D",0.331539,0.0453608
"L641G",0.331574,-0.459734
"C155Y",0.332149,9.34412
"I522S",0.334233,-2.38854
"N370L",0.33431,8.95546
"C143G",0.335553,3.19638
"V145L",0.335613,-0.524527
"C392Y",0.336064,29.2796
"R300A",0.337707,0.491143
"D178A",0.338819,-2.60329
"Q242F",0.339572,-2.14485
"N316K",0.339888,-0.0849473
"D301L",0.340787,0.222483
"R132A",0.34112,0.919893
"F202C",0.34169,1.75975
"Q345V",0.341828,1.27158
"C358R",0.342001,0.0073768
"S673N",0.34222,0.0461777
"V653G",0.344707,0.89474
"R706S",0.345034,0.528167
"G77S",0.34731,1.66601
"P692E",0.347753,0.618089
"C364R",0.34873,0.614263
"K376K",0.349595,4.77485e-12
"L146L",0.351945,-0.0161426
"E602V",0.354064,0.966177
"L570I",0.354204,-0.845207
"Y465K",0.35649,1.69457
"L680Y",0.357968,-0.93528
"T695T",0.359474,0.140404
"S610T",0.360834,4.00294
"C296F",0.361675,5.12545
"Q384N",0.362495,-0.876415
"T557G",0.36295,-1.30447
"C368S",0.363828,-1.78846
"H407E",0.36472,-2.46808
"L547P",0.364891,11.0828
"G592Y",0.364944,-0.290383
"D433H",0.36517,-0.366577
"T454N",0.365272,4.2023
"R440T",0.365292,2.39338
"R669R",0.365908,-7.50333e-12
"G549A",0.367627,1.28181
"P238P",0.367937,0.000720929
"F241L",0.369072,0.306272
"G119V",0.36965,0.872864
"T538L",0.370813,-0.766548
"E600V",0.370854,1.1589
"E179E",0.374051,6.82121e-13
"P689H",0.374659,-0.0991827
"A399T",0.37545,0.185001
"M708Y",0.375489,0.0189573
"A399A",0.375694,0
"P526G",0.375895,2.77225
"T108H",0.376314,-0.247776
"G461G",0.376671,0
"A540T",0.378986,6.19601
"P608T",0.379226,2.98658
"F694F",0.380427,-4.11546e-11
"S326F",0.38217,21.365
"Q125H",0.382864,0.903468
"H460T",0.384986,0.138083
"C89W",0.385024,-1.51236
"G218V",0.387248,3.40534
"E644S",0.388174,0.591602
"S252T",0.390532,0.979882
"C302C",0.390563,-0.0083127
"K596G",0.391229,0.582848
"K507N",0.392246,0.492043
"E258V",0.392566,0.240552
"Y419E",0.394417,0.418165
"N674S",0.396632,0.413396
"H485V",0.39688,1.03063
"K390K",0.397315,-6.4465e-09
"Q384Q",0.397518,-7.07548e-08
"A348G",0.398039,-0.2589
"H117E",0.39866,-0.0453379
"T389H",0.399048,1.00448
"G269D",0.399188,0.743112
"R440A",0.399448,0.158715
"S517F",0.400472,6.44863
"Q111S",0.401609,0.136109
"N272T",0.401994,0.702211
"C318V",0.402732,1.69565
"T659N",0.403111,-0.968336
"G496S",0.404263,14.3895
"D217V",0.405087,1.48917
"H203H",0.405362,-0.0129736
"E179A",0.406069,-1.55288
"N297L",0.406495,0.189233
"V66R",0.408928,-0.833732
"N322S",0.409938,0.295494
"S70T",0.410795,0.147381
"D139D",0.41498,-0.150397
"Q660N",0.415641,-0.263273
"T538I",0.417372,-0.427158
"I398I",0.417582,0.000557259
"F241M",0.417749,0.24674
"D535H",0.419238,10.9441
"T404H",0.419337,1.12411
"G287S",0.421754,8.04285
"C392V",0.422699,5.53091
"S65L",0.42446,0.300693
"V430L",0.425457,-0.713126
"N330H",0.425473,-0.495162
"C109C",0.425748,-0.0234571
"C364C",0.426752,-0.0427113
"T291T",0.427025,-0.0462036
"K294E",0.430054,2.93889
"L582V",0.431584,1.22284
"C155C",0.432715,0.486734
"T420K",0.432868,-0.117555
"C197C",0.43458,4.54747e-13
"D170E",0.434702,0.506158
"S463K",0.434944,-0.0167181
"D193L",0.436398,0.116517
"D266E",0.437587,3.95839
"R706A",0.438925,0.4231
"A606S",0.439587,-0.414265
"S226L",0.44164,7.50325
"C364S",0.441669,0.0191476
"R662T",0.44171,-0.473936
"R300K",0.442097,0.0581002
"D266A",0.44278,-2.19471
"L712G",0.443323,-0.906214
"Q254F",0.443615,2.05255
"D245D",0.444719,-4.77485e-12
"C325H",0.445105,12.0162
"R410S",0.445221,0.0487621
"G278G",0.447009,2.27374e-13
"K543T",0.44883,-1.74035
"R427R",0.451677,1.34206e-07
"A612T",0.451899,0.891046
"C104Y",0.452028,-0.423002
"C358T",0.453195,1.88819
"T659H",0.455948,-1.15514
"E113D",0.456212,-0.497118
"S212G",0.457981,-0.171233
"C698F",0.458619,17.9657
"P84L",0.459482,0.742701
"D193Y",0.461813,0.0309572
"L634Y",0.462544,-0.746568
"D245A",0.463016,0.769576
"L680Q",0.464414,0.0566742
"P519H",0.466957,3.01069
"E277W",0.467289,0.510416
"R406W",0.467379,0.62062
"A166G",0.46738,1.13325
"S152T",0.469544,2.98153
"H250Q",0.469576,0.4088
"Q102P",0.470602,7.31996
"G676V",0.470701,7.59799
"I473T",0.47084,-0.13868
"D118L",0.472039,0.464403
"H250K",0.472936,0.00821977
"G505S",0.473527,0.69047
"F619M",0.473852,1.56702
"H327V",0.474193,0.222617
"S65K",0.474792,0.101262
"V268T",0.47538,-0.68215
"W483L",0.476189,0.897228
"S226K",0.476549,4.87707
"S99T",0.477739,3.24228
"R574T",0.479274,5.37916
"C364T",0.480126,5.23043
"R416L",0.480493,0.773612
"D700D",0.480531,0.0609892
"P181R",0.481125,0.418312
"D307Y",0.481618,10.9462
"T671G",0.483091,-0.0872897
"S517A",0.484012,0.000745545
"T434L",0.485112,-3.62534
"E357W",0.485174,1.9629
"L575V",0.485653,1.82609
"C377D",0.486265,1.20793
"L672L",0.487284,-9.77707e-12
"T695H",0.487326,-1.46779
"D224N",0.488662,0.161049
"C313H",0.488666,8.17941
"H250E",0.490313,0.703038
"Q242S",0.49033,1.00502
"W180A",0.490353,0.954805
"P387P",0.490487,0.000182517
"F609M",0.490677,-0.552551
"V500L",0.491149,0.242577
"Q455F",0.491344,-0.410372
"C379V",0.492218,3.633
"C167C",0.492559,0.045891
"N645H",0.493911,0.207315
"D178L",0.495057,-3.22721
"I624L",0.495164,-0.185239
"P608P",0.495541,-0.139781
"D307L",0.496541,2.55907
"V271G",0.496542,-1.00692
"R633S",0.496957,-0.661834
"I560R",0.498458,-4.46402
"C368T",0.498486,0.955964
"S447G",0.499027,-1.21442
"L187Q",0.499846,0.425957
"L555M",0.500062,0.377156
"L571F",0.501575,-0.478989
"K541L",0.501853,1.27037
"D472R",0.505261,-0.843142
"S691K",0.50604,2.05436
"N316L",0.50758,0.366907
"P84E",0.508115,0.652224
"E380K",0.508287,-0.839236
"R595T",0.508783,0.686353
"G592V",0.510737,0.332903
"P84P",0.512064,-0.00115665
"D535N",0.512293,0.148849
"S306K",0.513531,-2.21768
"P162P",0.513586,-0.00227238
"V127T",0.51487,0.0211641
"H407T",0.51587,0.743212
"H690H",0.516337,0.064137
"D301G",0.518313,-0.335339
"S138K",0.522406,-0.366141
"L479V",0.522557,1.81762
"I83L",0.524453,0.118364
"G545G",0.524797,0
"I334R",0.525927,-2.14371
"D502Y",0.526533,-0.679718
"P162H",0.527032,3.67249
"N297T",0.52798,1.07347
"C338C",0.530005,7.27596e-12
"P661T",0.530904,0.698136
"C392H",0.531667,18.6836
"G192G",0.532164,0
"N428R",0.533357,-1.10934
"E337G",0.533387,0.462584
"V578I",0.533562,2.48108
"R300D",0.533998,0.535939
"G246E",0.53536,0.231784
"D579G",0.53601,1.68865
"L292Q",0.540099,-0.371715
"F619N",0.540244,3.59624
"W666G",0.54042,2.17864
"W620R",0.541731,1.09489
"W666H",0.541925,0.55197
"A391F",0.542509,-0.897059
"E288V",0.542745,2.21822
"T454T",0.543845,3.08673e-08
"G701Y",0.544207,1.12688
"A151A",0.544598,-1.81899e-12
"Q678N",0.54534,-0.0138628
"C276G",0.546186,0.828758
"L339P",0.548495,2.05515
"R406P",0.549432,1.79655
"P526C",0.549968,2.58755
"T567L",0.551094,1.21042
"D90R",0.55152,-0.0422913
"G192R",0.553522,3.40869
"Q678Q",0.555182,-1.42777e-08
"D415H",0.555791,1.21688
"G76V",0.555968,7.59686
"C392S",0.556546,0.808085
"S213R",0.5572,-0.483737
"R706R",0.558391,3.18323e-12
"Q92E",0.560415,0.313942
"G636Y",0.561847,0.0257921
"F629V",0.561867,2.38882
"C82Y",0.562193,4.51578
"V481M",0.56241,1.03496
"M298I",0.562502,0.0174348
"A348R",0.564237,-1.28838
"D178E",0.564762,-2.30591
"L611L",0.567568,2.50111e-12
"C276W",0.569339,2.69565
"P649L",0.571618,4.44534
"I423R",0.57171,3.63774
"S194L",0.573282,-0.166755
"D354V",0.578377,0.501999
"A151G",0.578473,-0.115545
"L414G",0.57922,3.15193
"A631G",0.581214,0.447373
"V524T",0.581516,-1.86906
"V233R",0.584192,-0.433898
"D94Y",0.584581,-0.652294
"L479Q",0.585074,2.17327
"T159L",0.585404,0.909173
"L703Y",0.586406,-0.227878
"R185D",0.587777,-0.901873
"R185T",0.587927,-0.0806434
"L704Y",0.590573,0.459936
"R257D",0.591334,1.8117
"P196E",0.591564,2.0845
"Q92S",0.592015,-0.89848
"P683L",0.594025,-0.15762
"Y465C",0.594823,-0.163585
"N428H",0.594928,0.133357
"P181L",0.596884,0.449955
"R215V",0.597003,1.39602
"L319L",0.597036,0.00181042
"Q455V",0.598045,-0.291131
"V93G",0.598281,-0.497345
"D415V",0.599443,2.38641
"H528K",0.600758,-1.02426
"K603N",0.601647,-0.127489
"Y553L",0.602659,0.602866
"C109V",0.602881,0.708805
"K376G",0.60293,-0.174127
"G592G",0.606835,0
"C222Y",0.607675,20.4882
"N674N",0.609248,0.0247894
"D112R",0.609907,-2.40198
"G373E",0.611164,3.55716
"D457L",0.611382,0.197349
"S177K",0.613471,-1.82604
"D707D",0.613538,2.27374e-13
"G565R",0.613975,18.5605
"E435Q",0.61482,0.437509
"F344M",0.615488,-0.0963804
"V494R",0.615822,-0.351156
"L495R",0.616158,-1.0856
"L547L",0.616579,1.79398e-10
"F403S",0.619377,0.920168
"W214A",0.619759,0.464414
"P699L",0.620979,4.35216
"A501S",0.621863,0.847538
"Q448F",0.623009,-0.236934
"G592S",0.623035,0.22716
"C358H",0.623305,0.602716
"L332V",0.624622,0.0858942
"P309G",0.625029,1.34828
"C364D",0.625165,1.17441
"R350P",0.62599,5.89923
"R115D",0.626229,0.700541
"F86F",0.628574,-0.0525683
"P181H",0.628646,1.10356
"K603T",0.629139,0.930467
"N280S",0.629311,-0.215039
"G675S",0.629475,4.85907
"V550G",0.629824,-0.764971
"T538T",0.630018,0.000664539
"C698D",0.630961,5.66974
"R257V",0.631135,1.80009
"L456Y",0.631982,0.848482
"R709T",0.636149,3.37797
"L703G",0.636816,-0.0544947
"H528H",0.636957,2.27374e-13
"W536A",0.63727,-1.57956
"N591N",0.63974,0.00346196
"S212F",0.639835,-1.20019
"D579L",0.63998,0.563778
"G98E",0.640303,2.80794
"L704Q",0.640933,0.441824
"D90Y",0.641068,0.187409
"D457H",0.641076,0.1679
"L414L",0.641151,1.09082e-07
"G218S",0.641579,2.18858
"R706V",0.641943,0.561405
"L479Y",0.64395,4.09126
"L599W",0.645518,0.868061
"D239L",0.647518,0.0343943
"D707A",0.649343,0.458776
"D386A",0.650218,0.192591
"P105P",0.651227,-0.167953
"M708V",0.652888,1.04361
"Y400T",0.655006,1.69969
"H117V",0.65724,1.58351
"P685Q",0.657543,2.09442
"V369M",0.657862,-0.611014
"D342H",0.658695,0.0195519
"Q378F",0.661672,0.0136944
"S110G",0.662226,0.0798445
"D457D",0.663261,0.00751739
"Q678F",0.663556,0.218447
"Q154H",0.667207,0.444781
"D170D",0.670289,0.0280156
"P341H",0.670551,1.66569
"V233L",0.671068,-0.408022
"H583Q",0.67391,0.603004
"V436E",0.674426,-1.33349
"L135Q",0.674667,-0.226737
"Q366F",0.676747,1.87122
"W533G",0.67735,-6.18038
"N688R",0.67852,-0.0481933
"A391P",0.679559,5.15512
"T389G",0.680878,-1.261
"Q686S",0.683577,0.227388
"Q125S",0.684947,1.03044
"C379G",0.685453,-4.94267
"I552L",0.685456,-0.402499
"D472N",0.686534,-0.824867
"N425R",0.688639,-0.747071
"L422V",0.690481,4.08286
"R440I",0.690501,6.1877
"N564L",0.691637,2.39243
"P220G",0.692915,0.360753
"V347T",0.694136,1.34425
"D457R",0.694828,0.0122471
"G119G",0.69519,0
"V93R",0.695594,-1.12149
"D477N",0.695724,-1.10459
"I398R",0.697769,-0.669518
"Y419L",0.697949,-0.459156
"V271T",0.69851,0.532269
"Y259S",0.698624,-0.625926
"C368R",0.700505,3.1834
"K390T",0.700513,1.1812
"T363G",0.700554,-14.0627
"E179Q",0.700557,-1.14509
"N645N",0.703295,1.27807e-09
"D362L",0.703663,0.628883
"S517L",0.705933,7.16295
"Q448S",0.707703,-1.02768
"T503H",0.707917,3.68791
"G374V",0.712703,-0.321088
"P424C",0.71366,2.33273
"S198K",0.713931,-0.505633
"R416P",0.71435,4.30438
"A234G",0.714528,-0.0456035
"C204C",0.714859,9.09495e-13
"Q686F",0.716193,-0.823987
"L401L",0.71644,0.0173322
"E408Q",0.716554,1.23551
"R132D",0.71738,1.98426
"L432L",0.717797,2.05091e-10
"D72A",0.718174,0.398925
"P309E",0.718542,1.86027
"R458T",0.718548,1.17138
"T670G",0.719592,-1.76008
"D445R",0.719923,2.20283
"C352H",0.720267,25.5668
"P84C",0.720346,1.37336
"H485R",0.724207,0.303848
"V295R",0.726364,-0.26502
"L582Y",0.726674,-0.288815
"G207G",0.728737,0
"D118R",0.72921,-0.130408
"R350Q",0.729495,1.53107
"C325C",0.730038,9.09495e-13
"L570G",0.732063,-0.389429
"N156H",0.73302,0.277735
"M702A",0.734979,0.571714
"P171G",0.734987,2.20821
"H485H",0.736487,0.0446247
"F383R",0.739137,-2.44058
"D266G",0.739976,-3.44405
"V639D",0.741231,-0.570839
"D227E",0.743038,0.173128
"R124T",0.743423,0.503919
"V653F",0.743965,0.35336
"R471A",0.744394,0.924932
"Q102V",0.746369,1.86917
"V639T",0.74645,-0.284441
"R406D",0.74681,1.37791
"N548K",0.747335,4.33009
"W165L",0.747673,1.91582
"D525N",0.750503,-0.882444
"P309H",0.750847,3.00718
"I687E",0.751967,0.00796298
"E229S",0.75287,-1.81922
"F153N",0.753024,-1.1685
"D579D",0.758557,0.00719811
"H388V",0.758949,1.86513
"P387E",0.759185,0.415477
"L605V",0.760372,2.57345
"F614I",0.763713,0.477197
"D307E",0.763987,0.456285
"T108T",0.767475,3.9563e-11
"D342E",0.767702,-0.0316331
"Q163Q",0.768731,-0.017601
"R574A",0.768904,-1.20999
"S206K",0.76931,3.58237
"R416Q",0.770622,0.941834
"P685P",0.77068,4.09273e-12
"I552V",0.772751,0.660538
"M298Y",0.773743,0.0187984
"V436V",0.774385,-4.77462e-07
"G676D",0.774763,5.5345
"P519P",0.775772,3.22443e-08
"C696H",0.776659,12.7806
"G287V",0.779125,11.0259
"T503L",0.780252,-1.96335
"D535A",0.781139,-2.64912
"D263G",0.781583,-2.58104
"S470G",0.78215,-0.847617
"L634Q",0.78221,-0.709338
"E380E",0.782471,-2.27374e-12
"H583H",0.782711,-8.56473e-08
"Q345Q",0.782867,-4.93401e-11
"L712V",0.783118,-0.230108
"E435S",0.787655,-0.468349
"F241G",0.790371,-0.325885
"E337D",0.790942,0.0954412
"A459A",0.791067,0
"F403M",0.794921,0.652551
"D112D",0.797851,0.00159614
"L319Q",0.798972,0.338649
"H583K",0.800443,0.767521
"L205Q",0.801076,-0.242498
"A627R",0.801109,4.82038
"P526H",0.801149,4.04421
"C255S",0.80134,0.938593
"C392C",0.801346,4.84306e-11
"S142T",0.802528,1.70551
"V189L",0.803173,-0.230832
"G335D",0.803227,0.650541
"D445N",0.803626,1.0242
"P689G",0.803716,-0.351015
"E558E",0.803778,1.22782e-11
"N428N",0.805304,0.0537855
"D551L",0.805352,-0.671902
"R458V",0.805373,1.03209
"D466A",0.805924,0.351284
"D445Y",0.806066,12.7826
"N230R",0.807614,-0.978151
"T274S",0.808159,0.210728
"Y336L",0.80893,-0.0607154
"A199A",0.810559,0
"G636E",0.81077,0.769353
"S212T",0.81138,0.536829
"A612P",0.812172,10.1294
"D175Y",0.813814,-0.846039
"S421R",0.814154,-2.31862
"G246G",0.814904,0
"D293R",0.815022,-0.629171
"P105E",0.816737,-0.559257
"L634L",0.816828,1.46567e-08
"R706D",0.81951,0.597757
"F402N",0.820375,1.67557
"V145A",0.82056,-0.262577
"L339L",0.820673,-1.13687e-12
"D224G",0.822995,-3.77448
"P685S",0.824212,2.37366
"Y336Y",0.824935,0.00141431
"H583V",0.830455,0.427026
"E337V",0.830482,0.568858
"S554L",0.830852,-0.683767
"K390G",0.831472,0.723648
"C711G",0.833346,-1.3969
"N316R",0.833634,-0.679066
"P105R",0.833759,-1.38455
"K376T",0.834478,1.10952
"A631F",0.834743,1.58145
"G675E",0.836105,9.53748
"P105H",0.836467,-0.333105
"R215H",0.836609,2.58833
"E668E",0.837879,2.95586e-12
"I210V",0.83797,0.542968
"V618T",0.838081,0.399077
"V145T",0.83893,-0.794964
"K543L",0.83946,-3.54975
"P196P",0.839768,-0.00127715
"A437A",0.839993,0
"V613I",0.842502,0.59062
"F614F",0.842561,0.0975038
"L479L",0.842659,0.00114939
"G137S",0.843903,-0.699438
"G98G",0.845358,0
"G278E",0.846729,0.94102
"W533H",0.847399,2.5198
"M264R",0.847427,-1.85835
"E418K",0.847705,0.339938
"F694M",0.852887,-0.495391
"P387H",0.853187,0.920103
"C368V",0.853345,2.97842
"D331N",0.853458,1.14386
"H528T",0.855147,1.85738
"G251V",0.856177,1.75639
"L371L",0.856307,6.82121e-13
"L647L",0.85662,0.00407109
"E418V",0.857183,0.39872
"V524G",0.857896,-0.334521
"L371V",0.85923,1.03143
"V639V",0.860226,0.000268861
"Q366N",0.860233,-1.90383
"L642L",0.86072,1.56888e-11
"T413L",0.861076,-2.00697
"T497G",0.861636,0.0425937
"S158G",0.864624,-1.74874
"F614M",0.864638,0.132034
"E288E",0.864774,0.151183
"V498F",0.865033,1.74687
"Q191V",0.865421,1.42775
"T670N",0.866125,-2.09554
"S206L",0.866132,6.36851
"R458D",0.86808,0.669608
"L367Y",0.868243,-0.481807
"D651A",0.868348,-1.43556
"H117Y",0.868426,0.874781
"L641L",0.868525,1.3415e-11
"G549G",0.868954,0
"D601R",0.870497,-0.995028
"F614R",0.87165,-0.151866
"A684F",0.872849,3.63723
"C358G",0.873097,-1.70828
"C296R",0.873452,4.87959
"D168H",0.874676,-1.028
"S142K",0.875119,1.23642
"Y442C",0.87568,-2.1456
"G676Y",0.875697,4.81479
"D245R",0.878458,-0.98185
"A394S",0.878465,-0.399447
"C711S",0.880186,3.1917
"C82V",0.881021,3.81361
"V500A",0.881869,-1.46471
"C667F",0.884619,3.57006
"G77Y",0.884845,1.63721
"G98A",0.886926,2.98939
"F614G",0.891079,1.03191
"D342D",0.891258,-5.91172e-12
"W666I",0.892478,0.914866
"C160C",0.892749,-0.0351674
"L611V",0.893634,0.715656
"L634V",0.894043,1.27475
"K225K",0.895872,0.109019
"C325Y",0.896908,5.8016
"D133D",0.900163,-0.0134209
"D260N",0.901425,-0.353835
"D354D",0.903214,0.0233931
"E435W",0.904152,2.06444
"A697T",0.906453,0.294293
"G374Y",0.908232,-0.0799956
"R406T",0.911329,0.994989
"T597K",0.911377,-0.445356
"S306L",0.911472,-1.18601
"V295I",0.912285,0.906814
"E357V",0.914302,1.43964
"A540S",0.914339,-0.281757
"K509K",0.917243,2.72848e-12
"P238L",0.91736,1.37418
"C289R",0.917367,2.41016
"K393T",0.918049,1.45637
"D266R",0.919487,6.38871
"K262L",0.92026,0.915239
"V613V",0.921473,3.41061e-12
"H656E",0.921499,-0.484759
"E380V",0.922505,0.0235395
"R604D",0.923219,1.45835
"E277S",0.923359,0.428426
"P563E",0.924008,0.908392
"F655L",0.924097,2.78112
"L634G",0.925929,-0.391729
"G675V",0.927834,10.916
"C143C",0.928516,4.54747e-12
"S572R",0.930277,-1.23612
"T534H",0.930954,13.4623
"T597N",0.931524,0.0204835
"T491T",0.931572,3.41612e-06
"D320N",0.932501,-0.254913
"S691T",0.932631,2.63581
"I210N",0.933498,1.03228
"L456H",0.934226,2.39906
"N425L",0.935548,1.90833
"F241N",0.935759,-0.557376
"R508A",0.936019,0.998573
"P563S",0.937235,-1.81818
"D193D",0.937582,-4.54747e-13
"N169H",0.939784,1.40717
"V93L",0.939909,-0.566617
"R595Q",0.940181,0.472427
"G186G",0.940444,0
"V550A",0.941174,-1.48717
"T670I",0.941339,-1.13328
"G119R",0.94148,-1.28233
"R471G",0.942002,-2.01043
"T434M",0.942196,-2.23437
"V436R",0.943636,-0.0377357
"D320L",0.944982,-0.460013
"D118Y",0.945739,0.378616
"L346V",0.946718,1.0351
"K518E",0.9468,-0.289421
"N665Y",0.953049,-0.309852
"K693T",0.953176,-0.978172
"M702Y",0.953504,0.0963296
"P526T",0.954782,1.63694
"S499G",0.956104,-9.10967
"R706T",0.956797,0.544606
"V127A",0.957507,-0.386462
"V506M",0.958875,-0.975915
"K507T",0.959289,1.34431
"A459S",0.960987,-0.0774737
"T274L",0.962842,0.133583
"A480G",0.966283,0.352128
"N594K",0.966902,1.67379
"F202M",0.96722,1.21854
"P171P",0.970417,-0.0160658
"N594N",0.970613,0.00276573
"E372E",0.972744,-1.45519e-11
"T67G",0.973387,-1.43889
"D651D",0.973479,0.0346302
"A348F",0.975433,-0.24206
"G537G",0.975783,0
"P608L",0.976482,2.26778
"K603R",0.977265,-0.543906
"N272R",0.977988,-0.520134
"D175L",0.980248,-0.132347
"C248F",0.981845,3.1302
"C289D",0.983208,3.27949
"D94A",0.986662,0.156542
"E357S",0.989266,0.17536
"W666L",0.99117,1.02766
"K225T",0.992405,1.23584
"I687R",0.992563,-1.25305
"V369R",0.993531,-0.65857
"I290S",0.994436,-1.58388
"P424P",0.99473,0.0203299
"G192S",0.995064,4.11248
"L495Q",0.995179,-0.821292
"R709G",1.000594,-1.28111
"P196C",1.001246,1.92673
"S470K",1.002809,-0.603663
"E229E",1.005282,-0.0649239
"V578V",1.00712,9.09495e-11
"L568Y",1.008018,0.992468
"R513K",1.009671,0.194801
"D477A",1.010023,0.240167
"R115R",1.010092,-0.100782
"A437P",1.010445,4.13671
"Q102F",1.010947,0.268526
"E381Q",1.01324,-0.202373
"R662D",1.013594,0.235875
"S65T",1.014498,0.22579
"C143V",1.014552,4.66779
"I484V",1.015448,0.838647
"L432P",1.016037,1.36288
"Y553C",1.016132,0.837494
"R662A",1.016654,0.299192
"V481L",1.017589,2.35589
"E408E",1.017881,0.342666
"C352D",1.021061,7.45343
"R595D",1.021264,0.964627
"G335R",1.022238,-0.238448
"T274G",1.02445,0.720267
"G251S",1.024648,1.67064
"M708A",1.025289,0.703177
"D415A",1.028426,0.16437
"L401H",1.029423,7.48027
"G219S",1.031792,-0.0253363
"V395V",1.032426,5.33664e-05
"R124G",1.033752,0.278366
"V556G",1.035423,0.37226
"D386N",1.038388,-0.372511
"V578L",1.039452,0.744478
"D307D",1.039652,0.00043391
"D260L",1.039713,-0.739465
"R253V",1.039868,1.8305
"E288S",1.042524,-0.543063
"N156S",1.043607,-0.595593
"D535L",1.045547,1.29568
"F619C",1.046195,3.2208
"I249T",1.04938,-1.36784
"K504G",1.04955,-1.65971
"T659T",1.050265,0.000108603
"I488L",1.050747,-1.95547
"G382E",1.052261,3.2794
"V639R",1.052392,-0.62842
"G537E",1.055231,0.612247
"D293N",1.055517,-0.514531
"D90D",1.056955,-0.0187351
"Q92N",1.059757,-0.156045
"P685R",1.060083,2.29609
"D293D",1.060528,-0.0141136
"R574P",1.060786,-1.12487
"N674H",1.061817,1.54686
"N428T",1.062103,2.21786
"Q561Q",1.062421,3.82672e-07
"G192E",1.06246,4.102
"Y259Y",1.062594,0.00343927
"K596K",1.063201,6.278e-07
"K294T",1.065035,2.74455
"S157T",1.066111,0.646556
"D256E",1.066328,0.305029
"I310E",1.067228,-0.699672
"R124V",1.068573,0.592424
"N272L",1.073002,1.84874
"H250V",1.074278,1.70472
"L385Y",1.074316,0.464907
"Q561N",1.075478,0.926351
"S673L",1.076047,0.0509579
"K507L",1.077584,0.201852
"A606D",1.078963,2.86212
"C667S",1.080615,2.67552
"S397P",1.080751,2.46408
"P341G",1.081845,0.933392
"W620S",1.082493,-0.759352
"P387G",1.084661,0.275639
"K693K",1.086603,0.27091
"E418S",1.089096,0.471506
"V271V",1.089372,-0.0234123
"C222C",1.08963,-9.24051e-08
"D72D",1.090037,-0.00213844
"N370H",1.090612,8.59155
"M298V",1.092953,0.0932223
"P279E",1.09372,0.369749
"S110K",1.095576,-0.258831
"V556T",1.096989,0.598702
"V481G",1.097365,0.00837806
"K596L",1.102568,-1.19142
"H327K",1.103283,-0.77493
"C368Y",1.105376,5.93404
"S580F",1.105486,47.2886
"C134C",1.105642,-0.00972209
"E381S",1.107348,0.254961
"D260A",1.107675,-0.231084
"P361P",1.109506,-2.27374e-13
"T159G",1.109617,-0.201425
"C296T",1.110375,7.25417
"L712Q",1.110732,-1.08797
"V523G",1.111046,1.55045
"C143D",1.111268,3.33244
"D227N",1.112454,-1.32131
"D415G",1.113224,-0.227716
"A612S",1.113852,1.43594
"D482G",1.114622,0.272415
"L371Y",1.114695,0.0738572
"C711C",1.115457,0.124137
"L570V",1.115755,1.12523
"I552T",1.11691,0.855949
"Q254H",1.121252,4.85472
"S142G",1.12186,0.377847
"Q366S",1.124251,-0.611067
"L456P",1.124375,4.15651
"V506R",1.124696,-2.18827
"R508V",1.12489,0.697699
"T671T",1.125486,-2.64663e-09
"F403G",1.125712,-3.29478
"P181C",1.126037,1.07503
"D535Y",1.126216,11.7746
"S673K",1.128793,0.0389679
"T404K",1.129184,4.32732
"K603L",1.130157,0.0749112
"D472D",1.130702,-2.27374e-12
"H407Y",1.130981,-0.1411
"T597L",1.132893,-0.157982
"C270R",1.133252,1.3435
"T503T",1.133614,1.90994e-11
"N594H",1.135971,0.641871
"N230Y",1.137146,0.463289
"D477E",1.139805,0.0661353
"R303T",1.14023,0.4269
"A627F",1.140576,16.6533
"R709V",1.140897,2.65906
"R183A",1.141086,0.360775
"C452H",1.141246,6.23165
"P424G",1.14145,2.39678
"A480F",1.145622,23.0469
"K393G",1.145812,1.20986
"N230N",1.146195,-0.00121003
"M652T",1.147563,0.377914
"W443G",1.150613,6.87112
"T557K",1.154258,0.120838
"D638L",1.155559,0.199691
"A627D",1.156035,5.89737
"A612G",1.156673,1.00028
"S265T",1.158588,0.838878
"C68V",1.159435,-0.12715
"R350R",1.16142,-8.11724e-11
"S447K",1.162763,-0.848852
"D551D",1.164252,-6.82121e-13
"G119E",1.165685,0.292549
"Q191P",1.166973,0.599997
"A697A",1.168189,0
"C296V",1.16981,3.87525
"M652V",1.171347,1.49726
"V295V",1.173808,-0.172551
"K504L",1.173857,0.737094
"E179V",1.174738,-0.119923
"K69L",1.1779,0.33813
"G516G",1.178384,0
"K543K",1.178974,1.64619e-10
"P476P",1.179601,0.00341627
"A684G",1.179885,-2.72757
"P683C",1.181428,0.889589
"D707L",1.181751,-0.0681715
"E615Q",1.181842,-0.698326
"A437V",1.1821,2.0891
"T291L",1.184485,0.661424
"C143F",1.186857,2.52994
"T567A",1.187473,0.39018
"P279G",1.188478,0.73734
"N439N",1.188553,2.29293e-07
"G192V",1.191459,5.31423
"A540F",1.194552,4.72444
"H690E",1.194565,1.60004
"Q111F",1.197389,-0.127705
"G636V",1.197644,1.78253
"W305A",1.200024,0.597219
"C68F",1.200824,-0.292245
"A697G",1.200896,0.57878
"D502N",1.200896,-1.48154
"R350D",1.203071,2.41067
"S130L",1.203656,0.607538
"A391A",1.204104,0
"G269E",1.204407,1.25099
"D472L",1.2077,1.23409
"F403L",1.207802,0.404537
"G701V",1.210433,2.77339
"H327T",1.214517,0.131276
"Q102Q",1.215784,-8.34461e-11
"Q254N",1.216641,0.335569
"I598N",1.217341,-0.15976
"A521R",1.218794,7.36165
"V578T",1.221656,-2.39021
"F73M",1.222228,-0.048724
"I598I",1.222963,4.12206e-09
"S572G",1.225542,-0.885132
"C109T",1.225947,1.04426
"P150H",1.229461,0.664407
"A141G",1.229603,-1.78398
"S265G",1.23008,-0.508164
"I310F",1.231329,-0.877555
"I423L",1.231519,-0.270028
"R669A",1.231802,0.690221
"P689C",1.233472,-0.191592
"G77E",1.240423,1.50375
"G207E",1.243761,5.17009
"I566T",1.243867,-0.274299
"E418E",1.245747,2.27374e-12
"F383M",1.246295,-1.28479
"L205G",1.246742,-1.01941
"R185W",1.247161,0.313782
"T695K",1.247411,-1.42438
"S70G",1.247791,-0.294806
"A348T",1.248004,0.17762
"A437F",1.248112,-0.6201
"N439K",1.248858,-0.45544
"S365T",1.248892,1.28176
"N272N",1.250317,-0.0047104
"C696C",1.25158,0.0540739
"G549S",1.251928,0.435002
"I423T",1.251938,2.43141
"I310L",1.252365,-0.43456
"L555L",1.252518,0.0562391
"G537V",1.252621,1.51339
"Y419D",1.256016,0.367558
"L646V",1.256762,-0.792476
"D263R",1.256847,0.312358
"W87H",1.257687,1.24629
"N247N",1.259776,-0.0108891
"T404P",1.261468,0.478148
"G269G",1.261769,0
"A141F",1.262404,-0.0484481
"Y375Y",1.263363,0.0312219
"C184D",1.263733,4.68666
"M264A",1.269752,0.598519
"S326P",1.272782,5.59472
"E201A",1.273724,-3.21193
"Y679E",1.275606,1.38086
"G537S",1.276326,-0.129228
"D415R",1.278212,-0.0240608
"Q191N",1.278518,0.120704
"K541R",1.280082,-0.159698
"D342L",1.280319,0.35285
"C377H",1.28053,0.282241
"C104C",1.280706,-0.00182994
"G496V",1.28311,26.8896
"A501T",1.286431,-1.06079
"G251Y",1.28779,1.26088
"N625N",1.287939,0.00187808
"S206G",1.289409,-6.97539
"C255H",1.289648,2.41399
"K541G",1.289676,-1.72915
"C296Y",1.292265,3.9622
"T635H",1.29373,-0.567067
"A234A",1.295199,-2.95586e-12
"D168D",1.295461,-0.0708568
"K509L",1.295909,-0.37179
"C82H",1.297052,5.46632
"Q345F",1.298789,-0.10533
"V189R",1.300547,-0.782803
"G287E",1.306068,7.12848
"E650V",1.306562,-1.78318
"W305C",1.306878,0.560156
"L339G",1.308326,-1.67816
"H583E",1.311016,1.14439
"V664T",1.313087,-0.0595416
"E435V",1.313766,-1.4502
"L495Y",1.313852,-1.47353
"L385Q",1.314173,0.706754
"V145G",1.315742,-0.351095
"C325S",1.316682,3.23524
"T363I",1.316963,4.03361
"I484T",1.318211,1.36852
"G186S",1.319672,4.11705
"A166A",1.319834,9.09495e-13
"A501F",1.320003,2.17596
"E668D",1.320777,-0.550808
"M298T",1.321672,-0.441775
"K393K",1.322107,4.54747e-12
"S710L",1.32419,0.895361
"C379C",1.325016,0.237406
"S584L",1.325086,-0.652489
"S421L",1.326131,-0.37659
"V639L",1.329384,-2.02447
"G592R",1.329788,-0.812798
"L426Q",1.331445,1.31854
"F609G",1.332751,-4.93986
"M652I",1.333615,1.38462
"E600D",1.334282,0.238776
"E308Q",1.337407,-1.67554
"V66T",1.338109,0.135432
"L703L",1.344004,3.18323e-12
"T235K",1.344575,-0.322833
"C296C",1.346157,-0.148894
"Y259L",1.347236,-0.921114
"A199G",1.347404,-0.23772
"G149S",1.350637,0.855722
"K509R",1.352613,-0.52822
"S194K",1.353525,-0.356397
"N439R",1.353773,-0.671123
"V527V",1.353936,0.00106535
"C204F",1.354525,1.28335
"S421K",1.35512,-0.309839
"V93V",1.356226,0.000336939
"G496Y",1.357292,23.2636
"F344R",1.357939,0.184001
"L371G",1.35845,-1.20697
"R574L",1.359137,0.178563
"T235L",1.362484,-0.0691944
"K69R",1.363305,-0.984392
"M264V",1.365575,0.88029
"C313R",1.367696,5.02678
"S110T",1.368006,-0.18607
"G335S",1.369582,0.327686
"N688L",1.369856,0.221834
"H690V",1.371016,2.29317
"T454K",1.371275,1.92845
"A521F",1.3717,18.1896
"G373G",1.37175,0
"K393N",1.372088,0.0705087
"G98V",1.373125,3.98436
"T315L",1.374263,0.524074
"G77V",1.37435,3.10715
"I552I",1.375708,0.0170297
"R115V",1.376463,1.20093
"G324E",1.376921,0.5675
"R183H",1.378441,0.220515
"A705S",1.380067,0.923133
"R406Q",1.380639,-0.493801
"D90E",1.38136,0.227579
"I522I",1.382799,2.02378e-08
"P699H",1.382799,5.68709
"G505D",1.382814,1.09046
"T159T",1.384863,-5.91172e-12
"V664L",1.385703,-0.270975
"G207D",1.38664,4.12353
"P526S",1.387448,3.33905
"V347V",1.387581,-8.59338e-08
"D175N",1.390075,-0.295405
"D551A",1.390785,0.135438
"F694G",1.392296,-1.78261
"R604T",1.395971,1.95751
"T503N",1.397915,-1.08499
"E357G",1.398388,-1.76422
"M708I",1.399076,0.776898
"H388K",1.399428,-0.504266
"T389R",1.401251,-0.811964
"R257T",1.402782,1.10814
"C352T",1.404167,7.77959
"C289C",1.404745,0.00234695
"T503G",1.407022,-4.46275
"D362A",1.407511,-0.0519838
"V523V",1.408769,0.0136486
"T434H",1.413853,2.2525
"I249L",1.418922,-1.51662
"K107G",1.422321,0.408945
"R303V",1.423713,0.544237
"G343S",1.424686,3.52256
"P171E",1.425155,2.75276
"L422L",1.42609,2.28431e-05
"K504R",1.42664,0.0555564
"S630G",1.427032,1.3958
"D601A",1.427604,-0.11247
"V481T",1.428566,0.479587
"T389M",1.432523,0.187806
"T635I",1.43432,-0.630308
"S74G",1.434524,-2.01491
"C377S",1.435879,0.478441
"P220P",1.437347,0.00109303
"D260D",1.439039,-0.0175994
"K376L",1.439363,0.456951
"N625T",1.440243,0.0343605
"E288K",1.440703,0.54454
"K518R",1.442953,-0.340463
"E558S",1.444554,1.10493
"E600E",1.445182,0.00527309
"P685G",1.445664,2.04803
"T597G",1.448419,-0.224265
"N594S",1.453006,0.527146
"P608G",1.453333,-3.11637
"V653T",1.453437,-0.575784
"E228G",1.454511,-8.54331
"E558W",1.45508,0.974986
"V653R",1.456166,-1.09864
"C677C",1.458362,0.0197869
"R633V",1.460979,0.525403
"D133L",1.461155,-0.515034
"A480T",1.461872,0.228386
"P150E",1.462654,0.209169
"L371Q",1.465697,-0.119549
"D525V",1.466006,-1.93096
"D178Y",1.46802,5.06182
"E228V",1.468406,-1.69761
"Y400Y",1.471762,7.04858e-12
"G119S",1.47234,0.213112
"C75Y",1.474507,14.6624
"G592E",1.477051,-0.68458
"K581N",1.47864,-1.77223
"P361C",1.48043,1.57814
"C270T",1.481676,3.06388
"W533A",1.482184,-2.60693
"F202F",1.485583,-0.0127461
"L680V",1.48606,4.13313
"D100D",1.486305,1.83986
"P692C",1.486787,0.863081
"N316T",1.487086,3.30806
"F609L",1.489814,0.140845
"C698C",1.490035,-6.48743e-09
"G382V",1.490726,4.32396
"E201E",1.492069,-0.03198
"G176G",1.492141,0
"K223K",1.493837,-0.0133299
"S517P",1.494079,10.1476
"I687F",1.494232,-0.990255
"L319S",1.495043,0.0993206
"E113S",1.496384,1.66072
"D193N",1.499758,-0.00171813
"C109F",1.499899,1.41498
"Y419Y",1.506042,1.10322e-09
"A521A",1.506047,0
"A299F",1.507293,1.34508
"Q345S",1.508012,0.0430568
"I334I",1.508034,-0.0188197
"H583R",1.508199,-0.615425
"S70L",1.50822,0.036198
"T434A",1.509196,-1.50292
"S673T",1.511777,0.880711
"C75V",1.512407,2.27004
"F609N",1.512932,0.467566
"A234R",1.515329,-0.368674
"Y465E",1.515337,0.455539
"F73F",1.517086,-0.0188909
"G323G",1.517353,0
"N230L",1.517466,0.831188
"D256R",1.519153,-0.766368
"T567G",1.519178,-0.95223
"L547Q",1.519372,0.832579
"K693G",1.521301,-1.38178
"L582P",1.521566,3.15472
"V369T",1.522658,-0.0120755
"R406A",1.523338,0.779487
"F190F",1.523957,-0.00658231
"R471K",1.526993,0.638013
"D700N",1.528112,2.12057
"D502L",1.528899,-2.21636
"S630L",1.529301,-0.0717405
"A627A",1.529578,0
"L385L",1.529579,0.0566203
"Q242V",1.529606,-0.92353
"T413K",1.529658,-1.61906
"E317E",1.529899,-0.00380044
"L570Y",1.530482,-1.21519
"S464G",1.533311,-0.93394
"L654F",1.533504,2.52944
"C248V",1.534468,3.68941
"P279R",1.535398,0.359561
"C276T",1.536634,1.03422
"P608C",1.537628,0.991136
"G373Y",1.538448,3.05961
"Y679Y",1.539924,-5.95974e-08
"C325F",1.54187,3.37962
"R350T",1.544128,1.74853
"D616N",1.549803,-1.12386
"D457N",1.555033,-0.038245
"Q366V",1.555752,3.27093
"G374S",1.556367,-0.279492
"S198L",1.557775,-1.44792
"N428K",1.558424,-1.05254
"S572L",1.558507,-0.211212
"F153V",1.558753,2.71811
"E381V",1.560117,3.08816
"I290L",1.560906,-0.823441
"T695A",1.565701,-0.976955
"K393E",1.567722,0.504987
"P196T",1.567784,2.21157
"S630T",1.570892,0.0613484
"Q686N",1.571716,-0.703284
"A643F",1.572274,18.6247
"D386E",1.576351,0.0223036
"R185R",1.579074,-0.00686513
"C236D",1.581431,3.32789
"C667T",1.581904,3.41716
"E357K",1.582444,-1.09764
"S397G",1.583125,1.74544
"D482H",1.586869,5.59143
"Q345N",1.587168,0.610143
"D472Y",1.593047,0.264695
"V639G",1.593182,0.163668
"K262K",1.594019,-0.0113757
"D90A",1.595101,-0.0753734
"C270C",1.596399,-0.0416907
"R88G",1.598237,1.00802
"N230I",1.599465,2.46166
"R662K",1.599995,0.249021
"N230S",1.601186,0.545734
"Q163F",1.602138,0.0567074
"V524M",1.602959,2.62697
"D217A",1.60465,-0.365306
"W620I",1.606699,5.33176
"H607H",1.607773,-2.27374e-13
"S212K",1.609952,-1.19955
"L682L",1.610067,-3.5317e-08
"D72L",1.610343,0.0959889
"H327Q",1.61387,-0.516682
"N316H",1.616567,2.64312
"K581R",1.617463,-0.678916
"A540G",1.620517,-4.27948
"H528D",1.620583,0.774727
"K507G",1.621686,-1.46677
"R185A",1.623491,0.16043
"N425H",1.623599,0.538405
"L367Q",1.623742,-0.155805
"I552E",1.623762,-0.0335086
"C68H",1.624561,0.687017
"T389A",1.62486,-0.0903033
"G335G",1.62586,0
"L599Y",1.626844,1.25107
"A697P",1.62812,0.422346
"D482R",1.628138,4.67916
"G701S",1.629681,1.29443
"L339Q",1.633545,-0.60382
"G461S",1.633986,-0.111274
"Y576T",1.634841,0.503735
"F402F",1.63678,0.0851093
"R351V",1.637582,3.84832
"A234T",1.641603,0.153577
"H211H",1.646111,-0.110983
"P563P",1.648645,-0.0999276
"R508W",1.650751,0.192013
"E308K",1.653078,-1.36214
"P220E",1.653331,1.43875
"L385R",1.654008,0.595905
"M708T",1.654981,1.01067
"E615V",1.656273,-2.29737
"S152L",1.656803,6.86603
"K507E",1.658066,1.73271
"W443I",1.662321,3.18725
"S610L",1.662448,23.8392
"Q254S",1.663205,-0.387484
"L570L",1.663227,4.54747e-12
"G593D",1.663714,0.440186
"I566L",1.666396,-1.8661
"H460H",1.669666,0.00630999
"G149E",1.670995,-0.00770867
"T434G",1.6721,-1.16158
"N632N",1.672533,1.59162e-12
"C329Y",1.672758,4.15278
"R124P",1.675356,-0.0656245
"S74L",1.678176,3.2685
"K223G",1.687502,-0.39991
"I398E",1.688001,-1.09889
"D342Y",1.688007,0.218376
"P387C",1.688628,0.902837
"D477L",1.690795,0.783993
"A299G",1.692147,-1.85801
"G593S",1.692979,0.379867
"S470C",1.694979,-0.617351
"E380Q",1.695081,0.081187
"R669D",1.695423,0.591063
"R351A",1.700097,-0.919229
"D266N",1.70036,-3.05681
"S463L",1.701642,0.0268929
"R237V",1.704195,0.327752
"M298A",1.704761,-1.3402
"H690T",1.708149,1.71496
"L654V",1.712241,0.511886
"K393Q",1.712888,0.526712
"P649G",1.71398,-0.222048
"I623I",1.71486,0.000746163
"R633H",1.717187,0.606828
"D466N",1.717725,-0.0353311
"P539E",1.71831,-0.329427
"S421G",1.720181,-0.0501415
"Q154Q",1.721611,-1.24455e-06
"L672V",1.722813,-0.626237
"T159H",1.723675,1.36506
"V430G",1.724657,-2.0536
"S194G",1.728661,-0.118803
"D263N",1.730638,-0.43527
"H528E",1.733208,1.1076
"D638R",1.736234,-0.59685
"C698T",1.741015,6.58209
"V328G",1.74129,-0.227592
"F629M",1.741561,1.7205
"K262G",1.74422,0.430445
"L582L",1.744721,0.0144275
"L319V",1.746819,0.613019
"N97S",1.747562,0.206545
"A459T",1.748173,0.0159216
"E372W",1.749414,-0.679644
"V436G",1.75578,-0.369542
"L332L",1.756409,-0.0117632
"S470T",1.756651,0.561173
"L275Q",1.758488,-0.0802486
"E228A",1.758527,-6.88123
"Q102S",1.759926,0.0718633
"K294G",1.760379,-0.501646
"N316N",1.766132,-2.02363e-11
"G505E",1.769129,1.68562
"E308V",1.769354,0.913362
"L346G",1.769656,-3.41901
"A141A",1.771138,2.72848e-12
"G593Y",1.773184,-0.227605
"E101E",1.774951,0.968766
"G382S",1.775306,3.14989
"K223L",1.780682,0.264437
"V271I",1.783257,0.0930729
"T389K",1.785485,1.41728
"Q378Q",1.785795,3.41061e-12
"I473L",1.787225,-0.590273
"W443H",1.787287,3.61808
"S464L",1.78821,2.05377
"D579R",1.791172,-0.784098
"P608E",1.793207,5.97664
"P84R",1.794131,0.826561
"T695L",1.794149,-1.76652
"V369G",1.79837,0.0257168
"A437T",1.800031,1.37412
"W666A",1.800082,0.880834
"W180H",1.800416,0.0846053
"D72R",1.800848,0.277044
"A501V",1.800886,-0.980796
"C95C",1.801496,-4.11103e-08
"R440V",1.803053,4.60039
"Q678S",1.806867,-0.10284
"T67I",1.808254,0.801854
"P699E",1.810466,2.56539
"T413T",1.810942,0.0353912
"M264Y",1.811832,-0.693589
"N370R",1.812551,8.03423
"F403R",1.818934,4.9888
"A399V",1.823553,-0.566378
"S417L",1.823633,0.495753
"P689E",1.823643,-0.877716
"D320R",1.825594,-0.777583
"L456F",1.825797,-0.293059
"S326T",1.829437,7.20899
"Q191F",1.831454,-0.20225
"L422F",1.83255,-0.835676
"C352R",1.83391,7.72427
"C379R",1.834057,5.90644
"A480V",1.83744,2.73107
"C255D",1.840685,3.32797
"H407Q",1.841875,-2.8656
"N688N",1.842396,0.000867165
"G251D",1.844608,1.5005
"D445D",1.844614,-1.49403e-06
"L187V",1.844637,0.808412
"E668V",1.845292,0.809872
"E258Q",1.847832,-0.588594
"L658G",1.848661,-1.70427
"G76E",1.854245,4.58827
"C197F",1.858215,3.048
"V527R",1.858661,-1.31937
"Q359Q",1.861781,4.76648e-08
"Q378S",1.862638,-0.580353
"N640Y",1.862919,0.625459
"W87I",1.863797,0.475635
"D118A",1.865046,0.233323
"N632H",1.869008,-0.484627
"P279S",1.873803,0.891828
"W533I",1.874304,0.996699
"N247K",1.875207,-0.38018
"R124W",1.875479,0.523206
"V506T",1.875506,0.363132
"A705G",1.881084,-0.903542
"N80K",1.883873,-0.646582
"F512F",1.884279,1.81899e-12
"L456V",1.884686,1.98035
"Q448K",1.885825,-0.404924
"A705R",1.885995,-0.312929
"W305I",1.8861,-0.0682504
"A627T",1.886239,1.31457
"G119Y",1.894536,0.471647
"T467K",1.894552,-0.890426
"L641Q",1.8947,1.3106
"R237D",1.89878,0.0452061
"K225L",1.89949,1.21557
"H203K",1.899691,-0.55181
"Q125F",1.903405,-0.502708
"L135Y",1.904505,-0.0771123
"R416G",1.905001,2.6638
"A606G",1.908313,-3.53719
"L426V",1.909059,2.0887
"R410V",1.910529,0.470352
"N688S",1.912442,0.76275
"I473I",1.91514,-9.08813e-10
"A480P",1.916851,0.801841
"S499K",1.917057,15.9
"V66V",1.918672,2.67197e-05
"E277E",1.920777,-0.0930142
"P476L",1.928787,1.448
"V494G",1.929,0.180681
"Y259E",1.930476,-0.202111
"S572T",1.932076,0.164626
"E380S",1.936341,1.12538
"L187Y",1.93681,1.35776
"A480A",1.936829,0
"A501A",1.941499,-2.27374e-13
"P539G",1.942754,-1.31739
"E381E",1.946537,0.0240503
"N322H",1.950309,0.514194
"R215R",1.951497,-0.00556258
"Y442T",1.952545,-1.03273
"G636G",1.95489,0
"R633R",1.955964,2.25544e-06
"E381W",1.960179,1.87613
"V527A",1.964312,-0.0647386
"Q92Q",1.966255,0.0342614
"S65G",1.9679,-0.32879
"S198T",1.97476,0.30813
"W87R",1.976294,-0.0330184
"E644D",1.977495,0.158023
"H117T",1.978659,1.67538
"A612A",1.982296,0
"R410G",1.982391,0.297825
"K225G",1.984114,-1.02714
"C681C",1.985322,6.59384e-12
"L205L",1.999078,-0.00101427
"N632S",2.000955,0.247765
"R237H",2.002855,0.266833
"W87A",2.00497,1.21171
"C379H",2.009496,15.7526
"H203R",2.013336,-0.728688
"E615E",2.013449,0.124906
"V436L",2.017246,-0.663483
"G269Y",2.017389,0.918452
"V468G",2.020211,0.0244739
"G373V",2.022189,4.81293
"T404I",2.026431,-1.7974
"G516S",2.028228,-0.708
"L704V",2.033191,0.901836
"K390L",2.033718,1.56
"L712Y",2.03457,-0.387811
"C248G",2.034767,2.07563
"F402S",2.037084,0.992186
"D707R",2.037334,0.213288
"M708R",2.040118,0.269249
"S421T",2.054483,0.76553
"R709D",2.055779,1.90619
"N425S",2.060196,0.544816
"L346L",2.063854,0.00373733
"P238S",2.0664,1.23711
"P661C",2.071754,0.749827
"D477R",2.076805,-1.61589
"R574C",2.079664,-0.273876
"G545Y",2.080549,17.9678
"E140E",2.090033,-1.79959e-07
"R237R",2.090176,-0.0645811
"T454A",2.092071,1.62722
"P661A",2.098927,0.74161
"G593G",2.100393,0
"D342R",2.104209,-0.399006
"S252G",2.110231,-0.330052
"D245N",2.110576,-0.0775782
"P150P",2.113071,0.00353492
"Q660Q",2.113282,0.112974
"D239N",2.114831,-0.529364
"I423I",2.119056,0.147714
"E418W",2.122612,0.148411
"G593V",2.124348,0.823374
"C667C",2.12624,0.0636119
"Y489Y",2.129614,-4.34284e-11
"G335E",2.132164,1.26063
"G218E",2.132686,3.34308
"G176S",2.134531,4.25545
"L647G",2.137919,-0.278954
"I624I",2.138906,0.0155881
"R88A",2.140417,0.313162
"L582F",2.141522,-0.238778
"K69T",2.14421,0.395383
"R416V",2.144354,1.3803
"H407H",2.146018,0.788897
"Q254Q",2.148889,-0.071314
"E240W",2.150209,-0.28467
"E179G",2.152581,-2.35375
"A684T",2.159815,5.70078
"D415N",2.160243,0.0446437
"V556L",2.160284,-0.897403
"R350A",2.161722,0.208577
"L292V",2.167073,1.38538
"P692R",2.16932,0.289059
"N247S",2.178719,0.746011
"E600S",2.17933,-0.367257
"Q455Q",2.182907,4.6746e-08
"L555V",2.182921,1.67413
"G219E",2.192707,1.0242
"S584T",2.19479,1.07178
"K543G",2.19878,-4.43277
"G269S",2.200213,1.91536
"R237T",2.200587,0.253585
"G76R",2.20316,4.67115
"R215C",2.207811,2.01955
"L611Q",2.213752,1.15986
"P424H",2.213758,2.65007
"C75T",2.215474,1.64378
"I423M",2.218807,-0.644891
"R416A",2.228154,1.3313
"P238G",2.231314,0.605281
"S195T",2.236106,1.83245
"V498V",2.25098,-0.305201
"L414V",2.257066,1.45929
"V268I",2.261611,0.170925
"Y576S",2.264226,1.39245
"P692H",2.269776,1.57225
"D256D",2.27043,-0.00710395
"Y419H",2.277001,0.528798
"R574R",2.277441,2.25008e-06
"T67T",2.285961,-7.32438e-06
"T538A",2.293052,-0.0914485
"S580G",2.297837,-5.24356
"D301D",2.298052,-0.0253467
"D118N",2.300095,-0.169565
"T538G",2.303766,0.295857
"W305H",2.303839,-0.109433
"S499L",2.306027,4.99026
"C236V",2.309145,3.42748
"I687T",2.31521,-0.195505
"L547G",2.323192,-3.9413
"T363L",2.323502,-0.403593
"E357E",2.326309,-3.86535e-12
"I473E",2.330863,0.663677
"K107R",2.331399,-0.165941
"D175A",2.338207,-0.196367
"D466R",2.344841,1.40635
"L704L",2.346379,-5.68821e-09
"L422Y",2.346723,1.61238
"M702R",2.346726,0.284406
"R257A",2.350346,0.403887
"H203V",2.357215,-0.630068
"A684A",2.361635,0
"K543R",2.367369,4.83724
"L647Y",2.371521,0.0661713
"K223R",2.379378,-0.440507
"T534N",2.38121,1.33285
"V436T",2.382079,-0.0887669
"S572N",2.384164,-0.461215
"S157K",2.385003,-0.463247
"R237A",2.385655,0.329
"A437D",2.387265,-0.432891
"V328I",2.387621,0.852754
"N439S",2.392206,0.601377
"A697F",2.394756,-0.484309
"G218G",2.39991,0
"G71E",2.408482,1.31109
"G98Y",2.409882,2.42404
"F126F",2.410187,0.0186269
"N297N",2.410442,-0.00256057
"S286K",2.418762,-0.756977
"R633L",2.424076,-3.06921
"V550L",2.428339,-1.35461
"N156N",2.429399,-5.77017e-05
"E602E",2.430092,-1.01181e-10
"E650Q",2.431716,-0.512788
"D415D",2.434992,1.81899e-12
"T363H",2.442215,11.7962
"G71Y",2.443813,3.19447
"D638D",2.446796,2.95218e-06
"R185V",2.447636,0.479702
"E240Q",2.460113,-1.33929
"K262R",2.463181,-0.300785
"C358D",2.464619,0.106093
"R709A",2.466257,0.107435
"E258K",2.471567,-0.634055
"P238A",2.473875,1.1824
"F190G",2.473961,-3.01086
"Q191Q",2.475388,0.0700688
"E113E",2.476105,-0.00629193
"N247R",2.478665,0.659414
"G103Y",2.481399,4.72447
"N564N",2.482431,1.98725e-10
"V556V",2.487374,-1.00704e-09
"K390R",2.48888,-0.299317
"V328R",2.492096,-0.647738
"S397F",2.493655,-0.832207
"T315T",2.493693,-3.43334e-11
"V66G",2.501494,0.0470372
"Q125V",2.506464,-0.248543
"K262T",2.511953,0.707455
"K541T",2.513066,0.938209
"A480R",2.516346,4.11576
"R88T",2.520724,2.61841
"Q678R",2.534134,-0.550874
"T695P",2.54589,4.7476
"R406G",2.546481,0.323289
"T235T",2.555686,6.53425e-05
"I469I",2.555914,0.00145153
"D293A",2.57714,0.0233568
"F241S",2.57819,-0.46996
"V523T",2.589832,0.368277
"F202S",2.590067,1.70908
"W483R",2.591355,-1.17336
"D551N",2.592309,-0.302027
"P692G",2.592388,1.71616
"K294R",2.595453,0.579513
"L446M",2.597188,0.210719
"V664M",2.598876,-0.274778
"Q191S",2.602783,0.544585
"N640H",2.610875,0.327024
"H460K",2.62057,-0.154975
"L605Y",2.627595,2.4658
"S326L",2.627796,17.8489
"T635P",2.65035,-2.49363
"C236S",2.660143,3.02078
"N330L",2.6669,0.344662
"S637T",2.683018,0.492737
"R124A",2.695669,0.496667
"T413H",2.721222,-0.139083
"C184T",2.722631,1.83661
"R88S",2.735797,2.46647
"A606A",2.740951,0
"A299R",2.740963,0.301905
"T510G",2.756668,0.41559
"P361E",2.764682,1.14591
"S499T",2.769708,2.17525
"L205V",2.798945,0.868686
"L658Q",2.801717,0.529548
"P144P",2.803742,0.00644817
"R406V",2.807277,1.35535
"L446Y",2.809341,-0.13902
"S447P",2.810136,3.66869
"F402R",2.813711,2.26055
"Q111N",2.850606,1.69589
"D266L",2.850731,4.02377
"S470L",2.866768,-0.263522
"F629F",2.895691,0.134888
"F609R",2.901893,-0.0846952
"C276S",2.902329,1.65944
"V347R",2.91754,-1.62816
"R508D",2.920104,1.32282
"P608A",2.927633,0.35092
"S74K",2.928031,5.37658
"H656H",2.93363,-0.0425548
"H203E",2.951947,-0.742126
"V506A",2.960442,-2.16863
"T538S",2.967671,0.0495414
"K518T",2.971626,4.58441
"C325R",2.97498,6.49456
"G176Y",2.984288,2.49274
"E229V",2.9922,-0.760591
"T567T",2.994993,0.0169784
"L712L",3.038958,-1.65983e-11
"G103G",3.039821,0
"G382R",3.046023,2.66035
"T467L",3.058561,-0.527319
"D638A",3.064734,0.174995
"R633T",3.067671,1.225
"G545S",3.07421,11.0283
"N439Y",3.080905,-0.142158
"T413R",3.083415,-1.51129
"L571L",3.111777,3.38787e-11
"L456L",3.115365,2.40425e-09
"R115A",3.11645,0.449865
"N674R",3.129841,1.29646
"S365K",3.130609,1.29812
"C329F",3.131906,3.28347
"I624E",3.149977,0.343023
"A399G",3.153588,0.938734
"I473N",3.153972,0.487192
"G382Y",3.159608,2.8986
"P361S",3.178806,1.01098
"D193A",3.186963,0.193708
"L571G",3.197824,0.785617
"N280I",3.200167,3.06271
"Y259K",3.201364,-1.27303
"W305S",3.211275,-0.127825
"S673R",3.212913,0.0500017
"E229Q",3.220521,-0.871528
"G373A",3.257835,3.02475
"E372S",3.283055,-1.1501
"V468D",3.286204,1.36664
"I210T",3.321242,1.40489
"A199R",3.32787,-0.561557
"C329H",3.378254,2.61103
"R303W",3.446047,0.101196
"G71S",3.479937,0.0799138
"Y465Y",3.555656,0.0378553
"E600Q",3.55821,0.0153597
"D362N",3.584719,-0.17554
"K393L",3.58757,-0.0254268
"T635K",3.644936,-0.985107
"S198W",3.724134,1.32375
"R253W",3.781241,0.848267
"K581L",3.810693,-2.4311
"K223T",3.862611,2.07166
"V395L",4.109491,-0.781072
"T597H",4.182369,0.353506
"E602S",4.192545,0.803177
"R124D",4.192711,-0.42312
"L680L",4.41557,1.63709e-11
"A151F",4.74002,1.67304
"K223E",5.591945,0.806285
"S213L",5.827563,-0.398067
"K223N",6.190803,-0.0755348
"G219D",7.913073,1.17506
